disease,h,variant,year,best_iter,pr_auc,roc_auc,brier,base_rate,recall_top10,n,positives
dengue,1,climate+history,2015,45,0.0813090975137704,0.8142399291722001,0.0185696579218255,0.01953125,0.41333333333333333,7680,150
dengue,1,climate+history,2016,41,0.0864154461382392,0.8349513058875608,0.018490530772093998,0.01953125,0.5,7680,150
dengue,1,climate+history,2017,48,0.09892657321003602,0.8686236619780608,0.017514572315797606,0.01875,0.5763888888888888,7680,144
dengue,1,climate+history,2018,85,0.06227996004233083,0.8298400220027045,0.012870979836972144,0.011979166666666667,0.4673913043478261,7680,92
dengue,1,climate+history,2019,23,0.13325762742419658,0.8682859393037807,0.01890070675488953,0.020572916666666666,0.5632911392405063,7680,158
dengue,1,climate+history,2020,118,0.14149944202288223,0.9219204121268888,0.005879671205077847,0.0049479166666666664,0.6578947368421053,7680,38
dengue,1,climate+history,2021,20,0.11752259898128821,0.867911551717461,0.010465462198065982,0.011067708333333334,0.6352941176470588,7680,85
dengue,1,climate+history,2022,83,0.06946179463852258,0.8738125386829898,0.003682121003592686,0.002994791666666667,0.5217391304347826,7680,23
dengue,1,seasonal history (baseline),2015,0,0.07692815261679604,0.7171580345285525,0.018729841812686145,0.01953125,0.5,7680,150
dengue,1,recent outbreaks (persistence),2015,0,0.06480560259167434,0.6113563523683045,0.05651041665378229,0.01953125,0.32666666666666666,7680,150
dengue,1,seasonal history (baseline),2016,0,0.09814175541235402,0.7477884019477645,0.01829215481849388,0.01953125,0.52,7680,150
dengue,1,recent outbreaks (persistence),2016,0,0.07797141177397991,0.598846392208942,0.05989583332117433,0.01953125,0.32666666666666666,7680,150
dengue,1,seasonal history (baseline),2017,0,0.11104155721345997,0.7481846396555791,0.017561627509571916,0.01875,0.4652777777777778,7680,144
dengue,1,recent outbreaks (persistence),2017,0,0.09617627441405419,0.6710106304552962,0.04947916665546332,0.01875,0.4305555555555556,7680,144
dengue,1,seasonal history (baseline),2018,0,0.08271174352923523,0.7223476427310858,0.011844805599319571,0.011979166666666667,0.41304347826086957,7680,92
dengue,1,recent outbreaks (persistence),2018,0,0.04193586025270614,0.6154583323783549,0.038541666657623576,0.011979166666666667,0.2826086956521739,7680,92
dengue,1,seasonal history (baseline),2019,0,0.11011939419279232,0.7603796795223463,0.01920620426800476,0.020572916666666666,0.45569620253164556,7680,158
dengue,1,recent outbreaks (persistence),2019,0,0.07677050679395299,0.6399582322234526,0.05664062498510738,0.020572916666666666,0.35443037974683544,7680,158
dengue,1,seasonal history (baseline),2020,0,0.059248589021462794,0.8862897560572459,0.0054226282808284305,0.0049479166666666664,0.7368421052631579,7680,38
dengue,1,recent outbreaks (persistence),2020,0,0.03050598764066415,0.563971266821857,0.019921874997509696,0.0049479166666666664,0.3157894736842105,7680,38
dengue,1,seasonal history (baseline),2021,0,0.10310183523931726,0.7971281415792123,0.01062949156491091,0.011067708333333334,0.5764705882352941,7680,85
dengue,1,recent outbreaks (persistence),2021,0,0.04492670037542594,0.6396344344189289,0.03268229165853267,0.011067708333333334,0.3411764705882353,7680,85
dengue,1,seasonal history (baseline),2022,0,0.03421199469076432,0.8652440790183464,0.003841686237279658,0.002994791666666667,0.4782608695652174,7680,23
dengue,1,recent outbreaks (persistence),2022,0,0.04435875754915615,0.629160018397488,0.013020833331116513,0.002994791666666667,0.30434782608695654,7680,23
dengue,1,history only,2015,83,0.07620761611237553,0.806684816290394,0.01866045421696233,0.01953125,0.38666666666666666,7680,150
dengue,1,history only,2016,38,0.09176983984019485,0.8268419654714475,0.018404765296935303,0.01953125,0.52,7680,150
dengue,1,history only,2017,32,0.09505609353484722,0.8714692623555083,0.017476966069499267,0.01875,0.5763888888888888,7680,144
dengue,1,history only,2018,248,0.07947504888408628,0.8411966262519768,0.013258585347363051,0.011979166666666667,0.5217391304347826,7680,92
dengue,1,history only,2019,25,0.1263616473744844,0.8590812940269723,0.01899033959721848,0.020572916666666666,0.4873417721518987,7680,158
dengue,1,history only,2020,104,0.1343009653791685,0.9246924888772572,0.005669172025479405,0.0049479166666666664,0.7105263157894737,7680,38
dengue,1,history only,2021,20,0.10234937086802758,0.8677109553498819,0.01053610643705469,0.011067708333333334,0.6352941176470588,7680,85
dengue,1,history only,2022,63,0.02921618926093326,0.8672343010941963,0.0037243875887551735,0.002994791666666667,0.5217391304347826,7680,23
dengue,1,climate only,2015,57,0.05609066046266968,0.7555135015493581,0.018982256821502338,0.01953125,0.3466666666666667,7680,150
dengue,1,climate only,2016,45,0.06791270131789233,0.7803165117308544,0.018895025062496722,0.01953125,0.32,7680,150
dengue,1,climate only,2017,68,0.05838649918396498,0.794202181381222,0.018138172325622943,0.01875,0.3958333333333333,7680,144
dengue,1,climate only,2018,81,0.03502093138340377,0.759555276065183,0.011763221566632117,0.011979166666666667,0.32608695652173914,7680,92
dengue,1,climate only,2019,274,0.10569509895312439,0.8331779522682831,0.019397453222619373,0.020572916666666666,0.4430379746835443,7680,158
dengue,1,climate only,2020,191,0.029046943551123982,0.7684403366437556,0.005126753081044899,0.0049479166666666664,0.39473684210526316,7680,38
dengue,1,climate only,2021,149,0.04322293247026544,0.8074476242109747,0.010783251800179795,0.011067708333333334,0.38823529411764707,7680,85
dengue,1,climate only,2022,70,0.04065958261182375,0.7976134369800865,0.0030963041181235468,0.002994791666666667,0.5217391304347826,7680,23
dengue,1,climate+history+recent reports,2015,55,0.09946915424208905,0.8440956175298804,0.01837477538678099,0.01953125,0.5266666666666666,7680,150
dengue,1,climate+history+recent reports,2016,41,0.12000418716012246,0.8493598937583001,0.01810620856782687,0.01953125,0.5333333333333333,7680,150
dengue,1,climate+history+recent reports,2017,64,0.17497346139883413,0.8892482749469215,0.016673382728376703,0.01875,0.6388888888888888,7680,144
dengue,1,climate+history+recent reports,2018,56,0.09357464327747506,0.8635209197588871,0.011406185717264487,0.011979166666666667,0.5434782608695652,7680,92
dengue,1,climate+history+recent reports,2019,53,0.16677629335187147,0.8872959992460934,0.018407858968493833,0.020572916666666666,0.5949367088607594,7680,158
dengue,1,climate+history+recent reports,2020,132,0.1169679495509795,0.940436507389909,0.004907804398292125,0.0049479166666666664,0.8157894736842105,7680,38
dengue,1,climate+history+recent reports,2021,262,0.14473892570631555,0.8936343569685938,0.010213077587373047,0.011067708333333334,0.6823529411764706,7680,85
dengue,1,climate+history+recent reports,2022,134,0.11037843406561411,0.9059797514067832,0.003074895541579543,0.002994791666666667,0.6086956521739131,7680,23
dengue,1,history+recent reports,2015,58,0.1061847042749082,0.8413917662682602,0.018239488241054657,0.01953125,0.5,7680,150
dengue,1,history+recent reports,2016,55,0.13461248372701917,0.84522399291722,0.018000853775615118,0.01953125,0.5533333333333333,7680,150
dengue,1,history+recent reports,2017,75,0.17359153291131268,0.8853613765038925,0.01668363178157507,0.01875,0.6041666666666666,7680,144
dengue,1,history+recent reports,2018,76,0.09937505122863007,0.8679816243038208,0.011464652505373873,0.011979166666666667,0.6086956521739131,7680,92
dengue,1,history+recent reports,2019,44,0.17494814775716294,0.8780518075249311,0.018406723947294968,0.020572916666666666,0.5569620253164557,7680,158
dengue,1,history+recent reports,2020,127,0.12555491664368681,0.9486322125649114,0.004852795670399266,0.0049479166666666664,0.868421052631579,7680,38
dengue,1,history+recent reports,2021,85,0.14420810000071302,0.8922991131936646,0.010166295172183667,0.011067708333333334,0.7176470588235294,7680,85
dengue,1,history+recent reports,2022,104,0.0690380664588358,0.9013690229457557,0.0031411874350449906,0.002994791666666667,0.6521739130434783,7680,23
chikungunya,1,climate+history,2015,66,0.055793639875459766,0.8983612314872137,0.005551636083551245,0.005729166666666666,0.7045454545454546,7680,44
chikungunya,1,climate+history,2016,309,0.06581563475310319,0.8512240129280224,0.006238743957433566,0.00625,0.5833333333333334,7680,48
chikungunya,1,climate+history,2017,39,0.12301841051814588,0.9126702579599703,0.008495522548163666,0.008984375,0.6086956521739131,7680,69
chikungunya,1,climate+history,2018,119,0.09038803249488628,0.9171335507403172,0.008440057751081658,0.008854166666666666,0.7205882352941176,7680,68
chikungunya,1,climate+history,2019,54,0.09475254093253815,0.9102888618255047,0.008121595418900328,0.00859375,0.696969696969697,7680,66
chikungunya,1,climate+history,2020,88,0.059081650023650886,0.9556686678847994,0.002466900187113652,0.00234375,0.9444444444444444,7680,18
chikungunya,1,climate+history,2021,1362,0.05983545712983911,0.9102175405334728,0.004180047509520315,0.004166666666666667,0.6875,7680,32
chikungunya,1,climate+history,2022,219,0.011252775595500624,0.8664234527687297,0.0009972037882306748,0.0006510416666666666,0.6,7680,5
chikungunya,1,seasonal history (baseline),2015,0,0.06869863188977735,0.7039174484499262,0.00569593943017477,0.005729166666666666,0.5909090909090909,7680,44
chikungunya,1,recent outbreaks (persistence),2015,0,0.06626568707310752,0.5802746559359969,0.019010416662848518,0.005729166666666666,0.3181818181818182,7680,44
chikungunya,1,seasonal history (baseline),2016,0,0.11328142893325527,0.6035961521663172,0.006286866116622467,0.00625,0.375,7680,48
chikungunya,1,recent outbreaks (persistence),2016,0,0.07267469223001145,0.5826126834381551,0.01940104166219147,0.00625,0.3125,7680,48
chikungunya,1,seasonal history (baseline),2017,0,0.12614511313740104,0.7464215599466066,0.008506727611709392,0.008984375,0.5072463768115942,7680,69
chikungunya,1,recent outbreaks (persistence),2017,0,0.1349785424181323,0.7085853998503311,0.022656249993411808,0.008984375,0.4057971014492754,7680,69
chikungunya,1,seasonal history (baseline),2018,0,0.06277398223282146,0.7852462056814318,0.00864834115864979,0.008854166666666666,0.5588235294117647,7680,68
chikungunya,1,recent outbreaks (persistence),2018,0,0.09740892696631415,0.6971306914778523,0.026041666661221097,0.008854166666666666,0.39705882352941174,7680,68
chikungunya,1,seasonal history (baseline),2019,0,0.059095858865808,0.795257539938391,0.008411083246148936,0.00859375,0.6515151515151515,7680,66
chikungunya,1,recent outbreaks (persistence),2019,0,0.043783825705587955,0.5922642500656685,0.025130208327748312,0.00859375,0.2727272727272727,7680,66
chikungunya,1,seasonal history (baseline),2020,0,0.07634532900372296,0.8315568897009774,0.002547442947702177,0.00234375,0.6666666666666666,7680,18
chikungunya,1,recent outbreaks (persistence),2020,0,0.05828722552486796,0.53025754807274,0.00794270833215141,0.00234375,0.2777777777777778,7680,18
chikungunya,1,seasonal history (baseline),2021,0,0.06950055945005401,0.8429491370292888,0.00419618557278375,0.004166666666666667,0.78125,7680,32
chikungunya,1,recent outbreaks (persistence),2021,0,0.11164431086199857,0.724245717834728,0.011718749997597073,0.004166666666666667,0.4375,7680,32
chikungunya,1,seasonal history (baseline),2022,0,0.008814131050674814,0.731257328990228,0.001156969866140351,0.0006510416666666666,0.6,7680,5
chikungunya,1,recent outbreaks (persistence),2022,0,0.0353118304565936,0.5694592833876221,0.003385416666447313,0.0006510416666666666,0.4,7680,5
chikungunya,1,history only,2015,58,0.06615363221025854,0.8737038073241583,0.005604411763415066,0.005729166666666666,0.6818181818181818,7680,44
chikungunya,1,history only,2016,289,0.053050435486066666,0.8431876747030049,0.006188164313576089,0.00625,0.5416666666666666,7680,48
chikungunya,1,history only,2017,115,0.12279361184526855,0.9016040856197837,0.008448146183291079,0.008984375,0.6376811594202898,7680,69
chikungunya,1,history only,2018,200,0.07283719837126845,0.9009082022194059,0.00880274542785919,0.008854166666666666,0.6764705882352942,7680,68
chikungunya,1,history only,2019,55,0.0842784004329403,0.8923852393119533,0.008212626763457265,0.00859375,0.6515151515151515,7680,66
chikungunya,1,history only,2020,63,0.07587712013045511,0.9537979639780736,0.0024187054473797783,0.00234375,0.8888888888888888,7680,18
chikungunya,1,history only,2021,40,0.08917304868664448,0.9344579465219666,0.003987639631396433,0.004166666666666667,0.84375,7680,32
chikungunya,1,history only,2022,269,0.0152841824299834,0.9589837133550488,0.0011131811262241177,0.0006510416666666666,1.0,7680,5
chikungunya,1,climate only,2015,76,0.03477511659325614,0.8508306943187771,0.0056068408414495455,0.005729166666666666,0.6136363636363636,7680,44
chikungunya,1,climate only,2016,105,0.032184544965484486,0.8226573418937806,0.006152962358430228,0.00625,0.4583333333333333,7680,48
chikungunya,1,climate only,2017,71,0.05971240880290718,0.8429904086191039,0.008708098390289363,0.008984375,0.43478260869565216,7680,69
chikungunya,1,climate only,2018,79,0.0821738179338457,0.8918339077617385,0.008484255812461724,0.008854166666666666,0.5588235294117647,7680,68
chikungunya,1,climate only,2019,178,0.06021987013894203,0.8860014646066655,0.008335959839491824,0.00859375,0.5757575757575758,7680,66
chikungunya,1,climate only,2020,97,0.015577672360981515,0.9144261724527973,0.002404863333665405,0.00234375,0.6111111111111112,7680,18
chikungunya,1,climate only,2021,841,0.019335376742195428,0.8329138336820083,0.004238190434511925,0.004166666666666667,0.4375,7680,32
chikungunya,1,climate only,2022,405,0.009251306051248033,0.734214983713355,0.0008059737586638211,0.0006510416666666666,0.6,7680,5
chikungunya,1,climate+history+recent reports,2015,87,0.10096911318099376,0.9298240392399638,0.005417283789007704,0.005729166666666666,0.8636363636363636,7680,44
chikungunya,1,climate+history+recent reports,2016,172,0.08507266647828653,0.8817724711740043,0.005974743380927568,0.00625,0.6875,7680,48
chikungunya,1,climate+history+recent reports,2017,48,0.22592272607884856,0.9240134892480183,0.008167735888565368,0.008984375,0.6811594202898551,7680,69
chikungunya,1,climate+history+recent reports,2018,75,0.14246822067737153,0.938834966461624,0.00803452747465783,0.008854166666666666,0.8235294117647058,7680,68
chikungunya,1,climate+history+recent reports,2019,111,0.11548687799401632,0.9231459591979687,0.008046670021468371,0.00859375,0.7878787878787878,7680,66
chikungunya,1,climate+history+recent reports,2020,63,0.04372845557426286,0.9570100640969865,0.0023710869553805144,0.00234375,0.9444444444444444,7680,18
chikungunya,1,climate+history+recent reports,2021,84,0.12805464070019384,0.943110126830544,0.0038425157255498666,0.004166666666666667,0.875,7680,32
chikungunya,1,climate+history+recent reports,2022,95,0.23022826832158874,0.9251596091205212,0.0006806640599074428,0.0006510416666666666,0.6,7680,5
chikungunya,1,history+recent reports,2015,82,0.09084344864411266,0.9121237916091243,0.005410869402018917,0.005729166666666666,0.75,7680,44
chikungunya,1,history+recent reports,2016,239,0.04967528971813214,0.8720409678546471,0.006140768654287176,0.00625,0.5833333333333334,7680,48
chikungunya,1,history+recent reports,2017,110,0.18251403530960592,0.9210753314710401,0.008132585057830028,0.008984375,0.7391304347826086,7680,69
chikungunya,1,history+recent reports,2018,157,0.10485089807585161,0.9241619269883468,0.008352529654135157,0.008854166666666666,0.7794117647058824,7680,68
chikungunya,1,history+recent reports,2019,48,0.10085723706157504,0.9019031926833345,0.008096191099662052,0.00859375,0.6666666666666666,7680,66
chikungunya,1,history+recent reports,2020,91,0.07013051563698225,0.9492009629049566,0.0023670646790231818,0.00234375,0.9444444444444444,7680,18
chikungunya,1,history+recent reports,2021,51,0.16092717445943705,0.9626005164748954,0.003739229257460629,0.004166666666666667,0.90625,7680,32
chikungunya,1,history+recent reports,2022,86,0.11950583786283585,0.9792312703583061,0.0007316983279743605,0.0006510416666666666,1.0,7680,5
malaria,1,climate+history,2015,68,0.04952073499367879,0.796773173383744,0.00940357606857271,0.009635416666666667,0.40540540540540543,7680,74
malaria,1,climate+history,2016,64,0.048493171263845634,0.8308574176688792,0.004715432842303653,0.0048177083333333336,0.43243243243243246,7680,37
malaria,1,climate+history,2017,237,0.034823632078607315,0.8294569393426929,0.0040057609611437485,0.004036458333333334,0.5483870967741935,7680,31
malaria,1,climate+history,2018,92,0.09489473945612499,0.8383432280793319,0.0020824949317066245,0.0020833333333333333,0.5,7680,16
malaria,1,climate+history,2019,177,0.04451232017578514,0.8282094832264678,0.0033572805128929146,0.0033854166666666668,0.5384615384615384,7680,26
malaria,1,climate+history,2020,54,0.07013278170789716,0.820862121409638,0.0012183287902903504,0.001171875,0.3333333333333333,7680,9
malaria,1,climate+history,2021,461,0.10541562528104335,0.9100746998956158,0.0021010440576527283,0.0020833333333333333,0.75,7680,16
malaria,1,climate+history,2022,254,0.023218619704114537,0.8471153985428526,0.0012561011563517349,0.001171875,0.6666666666666666,7680,9
malaria,1,seasonal history (baseline),2015,0,0.05718260549163892,0.7053606327863493,0.009403677978695457,0.009635416666666667,0.4594594594594595,7680,74
malaria,1,recent outbreaks (persistence),2015,0,0.049747032067764256,0.5951240485818451,0.02968749999308128,0.009635416666666667,0.33783783783783783,7680,74
malaria,1,seasonal history (baseline),2016,0,0.09786442415909438,0.738598470248346,0.004817659124912484,0.0048177083333333336,0.5135135135135135,7680,37
malaria,1,recent outbreaks (persistence),2016,0,0.043518818472714875,0.6030531381833227,0.01861979166289828,0.0048177083333333336,0.35135135135135137,7680,37
malaria,1,seasonal history (baseline),2017,0,0.037247206426565774,0.7384351317271074,0.004151733123941472,0.004036458333333334,0.5161290322580645,7680,31
malaria,1,recent outbreaks (persistence),2017,0,0.027487497911788717,0.5782666087491934,0.01315104166354891,0.004036458333333334,0.25806451612903225,7680,31
malaria,1,seasonal history (baseline),2018,0,0.013093677520900654,0.621705375782881,0.0024341054777501834,0.0020833333333333333,0.25,7680,16
malaria,1,recent outbreaks (persistence),2018,0,0.012415392448469014,0.5781983950939458,0.007682291664781345,0.0020833333333333333,0.1875,7680,16
malaria,1,seasonal history (baseline),2019,0,0.06293660659544847,0.6620067938332898,0.0034136445497739603,0.0033854166666666668,0.5384615384615384,7680,26
malaria,1,recent outbreaks (persistence),2019,0,0.020633478591029868,0.5048290486623386,0.012630208330951556,0.0033854166666666668,0.19230769230769232,7680,26
malaria,1,seasonal history (baseline),2020,0,0.030897191046369923,0.8397717232288996,0.0014009938439572551,0.001171875,0.7777777777777778,7680,9
malaria,1,recent outbreaks (persistence),2020,0,0.05960593473574,0.7931893567403931,0.0033854166658512253,0.001171875,0.4444444444444444,7680,9
malaria,1,seasonal history (baseline),2021,0,0.169536823547809,0.8126304801670146,0.0020744471918629423,0.0020833333333333333,0.625,7680,16
malaria,1,recent outbreaks (persistence),2021,0,0.025520409559704034,0.6938609081419624,0.006510416664814399,0.0020833333333333333,0.5,7680,16
malaria,1,seasonal history (baseline),2022,0,0.018977366251381935,0.8108315589739132,0.0013685661339283227,0.001171875,0.6666666666666666,7680,9
malaria,1,recent outbreaks (persistence),2022,0,0.1319799473745149,0.6340908761714393,0.004296874999558112,0.001171875,0.4444444444444444,7680,9
malaria,1,history only,2015,76,0.04004661019333185,0.7858580707975923,0.009461610385776385,0.009635416666666667,0.43243243243243246,7680,74
malaria,1,history only,2016,55,0.07014432369640318,0.8366054789579583,0.004680559611346321,0.0048177083333333336,0.5135135135135135,7680,37
malaria,1,history only,2017,66,0.04136666955335401,0.8659618166405898,0.003954595952080644,0.004036458333333334,0.6451612903225806,7680,31
malaria,1,history only,2018,73,0.051118355430400976,0.8456908924843424,0.002078408117604202,0.0020833333333333333,0.5625,7680,16
malaria,1,history only,2019,422,0.05000557156343583,0.772823661835943,0.0033399617623685405,0.0033854166666666668,0.5384615384615384,7680,26
malaria,1,history only,2020,66,0.19104542114447384,0.7921392256550646,0.0011566037264826325,0.001171875,0.6666666666666666,7680,9
malaria,1,history only,2021,587,0.07846258736801073,0.8646920668058455,0.002038946979377026,0.0020833333333333333,0.625,7680,16
malaria,1,history only,2022,116,0.04515861677232529,0.8967250394704442,0.0012436046152810298,0.001171875,0.7777777777777778,7680,9
malaria,1,climate only,2015,29,0.023717676286937498,0.7492582314104796,0.009513791001857593,0.009635416666666667,0.28378378378378377,7680,74
malaria,1,climate only,2016,65,0.01165205208323959,0.7187445852237164,0.004792565124220299,0.0048177083333333336,0.2702702702702703,7680,37
malaria,1,climate only,2017,65,0.009776247380107423,0.7339331727950944,0.0040217773217065735,0.004036458333333334,0.16129032258064516,7680,31
malaria,1,climate only,2018,105,0.009963644808691514,0.7810012721816284,0.002107153665534728,0.0020833333333333333,0.4375,7680,16
malaria,1,climate only,2019,203,0.00932669850792233,0.743417217744367,0.0033980434161790594,0.0033854166666666668,0.19230769230769232,7680,26
malaria,1,climate only,2020,57,0.013671891088996174,0.5816712293051753,0.0012344218090845557,0.001171875,0.1111111111111111,7680,9
malaria,1,climate only,2021,20,0.012431820709982621,0.7675495824634655,0.002082584798879654,0.0020833333333333333,0.5625,7680,16
malaria,1,climate only,2022,684,0.001440866429778489,0.576695780645722,0.00123600018396727,0.001171875,0.0,7680,9
malaria,1,climate+history+recent reports,2015,80,0.11648669693513283,0.8250492143471371,0.009129454356935776,0.009635416666666667,0.4864864864864865,7680,74
malaria,1,climate+history+recent reports,2016,60,0.057703414985997806,0.8787726624963312,0.004670897794867681,0.0048177083333333336,0.5945945945945946,7680,37
malaria,1,climate+history+recent reports,2017,104,0.08219232021329016,0.8608335898852475,0.0038700564202717325,0.004036458333333334,0.7096774193548387,7680,31
malaria,1,climate+history+recent reports,2018,143,0.0533574692192287,0.8039372390396661,0.002081185243765389,0.0020833333333333333,0.5,7680,16
malaria,1,climate+history+recent reports,2019,113,0.03442083652586275,0.8502391911720367,0.0033606310570659464,0.0033854166666666668,0.6538461538461539,7680,26
malaria,1,climate+history+recent reports,2020,74,0.08063252347152536,0.8564507017772564,0.0011526083815055343,0.001171875,0.6666666666666666,7680,9
malaria,1,climate+history+recent reports,2021,80,0.11485265419430465,0.9391146920668059,0.0019780679491393674,0.0020833333333333333,0.8125,7680,16
malaria,1,climate+history+recent reports,2022,258,0.12435513378544272,0.9022871130810122,0.0011176512022500833,0.001171875,0.6666666666666666,7680,9
malaria,1,history+recent reports,2015,72,0.10515585864147807,0.8215722296053614,0.009208542781411684,0.009635416666666667,0.5135135135135135,7680,74
malaria,1,history+recent reports,2016,59,0.05851729440440607,0.8972969436792543,0.004687792996364412,0.0048177083333333336,0.6756756756756757,7680,37
malaria,1,history+recent reports,2017,99,0.069396092293644,0.8685406905393493,0.0038856005141237617,0.004036458333333334,0.7096774193548387,7680,31
malaria,1,history+recent reports,2018,72,0.036144350551569074,0.8296051343945721,0.0020672243896564324,0.0020833333333333333,0.5625,7680,16
malaria,1,history+recent reports,2019,226,0.06192605703696347,0.8318526260778678,0.0033071813539799024,0.0033854166666666668,0.5769230769230769,7680,26
malaria,1,history+recent reports,2020,107,0.1096663643744763,0.8314865510798244,0.001135713569985302,0.001171875,0.6666666666666666,7680,9
malaria,1,history+recent reports,2021,137,0.08813671814283013,0.896268267223382,0.0019868990231984626,0.0020833333333333333,0.6875,7680,16
malaria,1,history+recent reports,2022,89,0.1372064275197386,0.9315604223699648,0.0010813439932520908,0.001171875,0.7777777777777778,7680,9
diarrhoea,1,climate+history,2015,40,0.19051515711013264,0.7891215733186001,0.040822005576013266,0.04596354166666667,0.3909348441926346,7680,353
diarrhoea,1,climate+history,2016,98,0.2250936901517526,0.7829892908017908,0.05661128985870439,0.065625,0.33134920634920634,7680,504
diarrhoea,1,climate+history,2017,123,0.11765870789957567,0.7675998917643182,0.03743387973743551,0.03919270833333333,0.31893687707641194,7680,301
diarrhoea,1,climate+history,2018,235,0.10269037812903464,0.7522289797362942,0.036737173624024407,0.037890625,0.32989690721649484,7680,291
diarrhoea,1,climate+history,2019,69,0.11799978971365703,0.740533769142924,0.036320426449270825,0.03854166666666667,0.2905405405405405,7680,296
diarrhoea,1,climate+history,2020,47,0.015130869996848428,0.6570499342969776,0.01236232138529989,0.009114583333333334,0.17142857142857143,7680,70
diarrhoea,1,climate+history,2021,20,0.04521143029102992,0.7194899105788917,0.019238364877124756,0.019010416666666665,0.2876712328767123,7680,146
diarrhoea,1,climate+history,2022,397,0.03720576938565696,0.756348170924452,0.016971455265606544,0.014973958333333334,0.30434782608695654,7680,115
diarrhoea,1,seasonal history (baseline),2015,0,0.15172415777973403,0.7284868608518844,0.04259891010701532,0.04596354166666667,0.3314447592067989,7680,353
diarrhoea,1,recent outbreaks (persistence),2015,0,0.11972626990857549,0.6295551669462669,0.12421874997310785,0.04596354166666667,0.3342776203966006,7680,353
diarrhoea,1,seasonal history (baseline),2016,0,0.2197634969100458,0.7451273314045053,0.057049596917752514,0.065625,0.3412698412698413,7680,504
diarrhoea,1,recent outbreaks (persistence),2016,0,0.1548833182139172,0.64583278034365,0.16718749996036802,0.065625,0.2698412698412698,7680,504
diarrhoea,1,seasonal history (baseline),2017,0,0.1154214846564731,0.7381569948660088,0.037739605669645356,0.03919270833333333,0.3222591362126246,7680,301
diarrhoea,1,recent outbreaks (persistence),2017,0,0.07993268629133111,0.6076785202147245,0.1184895833058739,0.03919270833333333,0.292358803986711,7680,301
diarrhoea,1,seasonal history (baseline),2018,0,0.09735038949908804,0.7309239749437145,0.03710339149772426,0.037890625,0.2920962199312715,7680,291
diarrhoea,1,recent outbreaks (persistence),2018,0,0.07355688851639508,0.5963280607980935,0.11927083330634201,0.037890625,0.281786941580756,7680,291
diarrhoea,1,seasonal history (baseline),2019,0,0.1152095142362921,0.7389768052180025,0.0369279621099132,0.03854166666666667,0.2939189189189189,7680,296
diarrhoea,1,recent outbreaks (persistence),2019,0,0.0850563820413271,0.6164492804017452,0.11419270830392016,0.03854166666666667,0.27702702702702703,7680,296
diarrhoea,1,seasonal history (baseline),2020,0,0.0181161622920435,0.6735686127276141,0.01417445648328891,0.009114583333333334,0.2714285714285714,7680,70
diarrhoea,1,recent outbreaks (persistence),2020,0,0.02045999015927705,0.5740792190726488,0.04062499999244477,0.009114583333333334,0.22857142857142856,7680,70
diarrhoea,1,seasonal history (baseline),2021,0,0.055554330091176246,0.717523482586703,0.02094688950931618,0.019010416666666665,0.2808219178082192,7680,146
diarrhoea,1,recent outbreaks (persistence),2021,0,0.0662500426738277,0.6553796306060925,0.050781249986145006,0.019010416666666665,0.3424657534246575,7680,146
diarrhoea,1,seasonal history (baseline),2022,0,0.04076800545525624,0.7353728555418259,0.017315569369989497,0.014973958333333334,0.33043478260869563,7680,115
diarrhoea,1,recent outbreaks (persistence),2022,0,0.043553866618948764,0.6003390902037414,0.05598958332183039,0.014973958333333334,0.25217391304347825,7680,115
diarrhoea,1,history only,2015,65,0.17659643586911128,0.7893918298999664,0.041156569617765884,0.04596354166666667,0.38526912181303113,7680,353
diarrhoea,1,history only,2016,126,0.24739365490723672,0.7829198905965211,0.05626963432447811,0.065625,0.37103174603174605,7680,504
diarrhoea,1,history only,2017,356,0.11480227459240852,0.756173238322455,0.03739942842962112,0.03919270833333333,0.31561461794019935,7680,301
diarrhoea,1,history only,2018,76,0.09889917680247487,0.7545752741955511,0.036132199147087894,0.037890625,0.31958762886597936,7680,291
diarrhoea,1,history only,2019,56,0.1097568913517919,0.7380860004099441,0.036234171472269136,0.03854166666666667,0.27702702702702703,7680,296
diarrhoea,1,history only,2020,61,0.01640819177310601,0.6667739816031537,0.012521604481665484,0.009114583333333334,0.15714285714285714,7680,70
diarrhoea,1,history only,2021,20,0.043788688826375925,0.7181503212832421,0.01920501493711728,0.019010416666666665,0.23972602739726026,7680,146
diarrhoea,1,history only,2022,49,0.04435405050804772,0.7664197247047329,0.015471091839175858,0.014973958333333334,0.3652173913043478,7680,115
diarrhoea,1,climate only,2015,108,0.11529668347173869,0.6972679727392689,0.042556131532293255,0.04596354166666667,0.29178470254957506,7680,353
diarrhoea,1,climate only,2016,128,0.14363065747411158,0.7059681964573269,0.0596793414977355,0.065625,0.24801587301587302,7680,504
diarrhoea,1,climate only,2017,82,0.071378171457612,0.6610696873006319,0.03744663262733696,0.03919270833333333,0.22591362126245848,7680,301
diarrhoea,1,climate only,2018,187,0.0756606916663485,0.6903286626028569,0.03618109094091442,0.037890625,0.2646048109965636,7680,291
diarrhoea,1,climate only,2019,175,0.07030320987107176,0.6718075147872683,0.036883481708525144,0.03854166666666667,0.19932432432432431,7680,296
diarrhoea,1,climate only,2020,74,0.011471763511647585,0.510054439647081,0.011194598119579144,0.009114583333333334,0.1,7680,70
diarrhoea,1,climate only,2021,20,0.02842638081177145,0.6272578011644018,0.019230506611652716,0.019010416666666665,0.1643835616438356,7680,146
diarrhoea,1,climate only,2022,372,0.030563111427180573,0.6996660823586884,0.016401245194544386,0.014973958333333334,0.16521739130434782,7680,115
diarrhoea,1,climate+history+recent reports,2015,111,0.22904646798586334,0.8075425170824198,0.039762028386870756,0.04596354166666667,0.4192634560906516,7680,353
diarrhoea,1,climate+history+recent reports,2016,140,0.269285487835699,0.8038452967121446,0.054442473507671556,0.065625,0.40674603174603174,7680,504
diarrhoea,1,climate+history+recent reports,2017,160,0.15255850197460735,0.7887821639842618,0.036022498161975024,0.03919270833333333,0.36212624584717606,7680,301
diarrhoea,1,climate+history+recent reports,2018,180,0.12397896403451834,0.7802524324492757,0.035210978478292014,0.037890625,0.3402061855670103,7680,291
diarrhoea,1,climate+history+recent reports,2019,117,0.12542134588078813,0.7580600220344937,0.03566851185547453,0.03854166666666667,0.36824324324324326,7680,296
diarrhoea,1,climate+history+recent reports,2020,135,0.01872428396775102,0.6897991364745636,0.010208365304382164,0.009114583333333334,0.3,7680,70
diarrhoea,1,climate+history+recent reports,2021,199,0.10965928597908045,0.8043172322003265,0.017941110882619002,0.019010416666666665,0.4794520547945205,7680,146
diarrhoea,1,climate+history+recent reports,2022,168,0.06673756042358599,0.8354286042702377,0.01476472790773664,0.014973958333333334,0.5043478260869565,7680,115
diarrhoea,1,history+recent reports,2015,81,0.23099966144479958,0.8108841875155379,0.03972343932490233,0.04596354166666667,0.43059490084985835,7680,353
diarrhoea,1,history+recent reports,2016,157,0.27195595172792214,0.8086113765461591,0.05455623967015197,0.065625,0.4107142857142857,7680,504
diarrhoea,1,history+recent reports,2017,192,0.1449263822156038,0.7924472745003667,0.035858123229374726,0.03919270833333333,0.3654485049833887,7680,301
diarrhoea,1,history+recent reports,2018,124,0.11702113830044673,0.7785637515411366,0.035213445135808534,0.037890625,0.36082474226804123,7680,291
diarrhoea,1,history+recent reports,2019,83,0.11949923972981624,0.7585964722848526,0.03566039508449564,0.03854166666666667,0.34121621621621623,7680,296
diarrhoea,1,history+recent reports,2020,69,0.02073348550711337,0.6986878167824291,0.009955233272560813,0.009114583333333334,0.3142857142857143,7680,70
diarrhoea,1,history+recent reports,2021,69,0.10855226259742762,0.7961042361386372,0.01796150156750369,0.019010416666666665,0.4589041095890411,7680,146
diarrhoea,1,history+recent reports,2022,117,0.06732601321241595,0.8200666685824305,0.014664754317342188,0.014973958333333334,0.4782608695652174,7680,115
cholera,1,climate+history,2015,29,0.06562640766856805,0.8489447060875632,0.004668070670923548,0.0046875,0.5833333333333334,7680,36
cholera,1,climate+history,2016,29,0.08799685230356076,0.8250161920999559,0.011605345728727965,0.012109375,0.5268817204301075,7680,93
cholera,1,climate+history,2017,85,0.026106730857941428,0.8268453159041395,0.004038110466648233,0.00390625,0.43333333333333335,7680,30
cholera,1,climate+history,2018,33,0.042402700216981816,0.913050316748213,0.003487307377476297,0.003515625,0.7037037037037037,7680,27
cholera,1,climate+history,2019,36,0.07408100721023622,0.8758051792809404,0.0034533962606025257,0.003515625,0.5185185185185185,7680,27
cholera,1,climate+history,2020,28,0.0022151712446439866,0.801980198019802,0.0006795269275482666,0.0005208333333333333,0.25,7680,4
cholera,1,climate+history,2021,20,0.02046712963872198,0.8850548446069469,0.002860847047841228,0.002864583333333333,0.5,7680,22
cholera,1,climate+history,2022,69,0.005405456974007161,0.8767700460429155,0.0009931737708238325,0.00078125,0.5,7680,6
cholera,1,seasonal history (baseline),2015,0,0.04234914768220088,0.7297662654805512,0.004950102882201464,0.0046875,0.4444444444444444,7680,36
cholera,1,recent outbreaks (persistence),2015,0,0.0459959990430297,0.6489512471655329,0.015624999995967668,0.0046875,0.3611111111111111,7680,36
cholera,1,seasonal history (baseline),2016,0,0.07499357190806114,0.7509662113037155,0.011651464205079648,0.012109375,0.5268817204301075,7680,93
cholera,1,recent outbreaks (persistence),2016,0,0.055521188883788174,0.6358272710394548,0.03828124999032059,0.012109375,0.3225806451612903,7680,93
cholera,1,seasonal history (baseline),2017,0,0.0362194698439285,0.7716165577342048,0.0041555437852600794,0.00390625,0.5333333333333333,7680,30
cholera,1,recent outbreaks (persistence),2017,0,0.02917921365816987,0.5719825708061003,0.01210937499682968,0.00390625,0.2,7680,30
cholera,1,seasonal history (baseline),2018,0,0.04834766866122235,0.8237921705842781,0.0036791668487538994,0.003515625,0.5555555555555556,7680,27
cholera,1,recent outbreaks (persistence),2018,0,0.06679681088013793,0.5904631928413453,0.01223958333073389,0.003515625,0.2962962962962963,7680,27
cholera,1,seasonal history (baseline),2019,0,0.05026124211838258,0.836554050457095,0.003634161024740437,0.003515625,0.6296296296296297,7680,27
cholera,1,recent outbreaks (persistence),2019,0,0.011093243136249847,0.6594025097879794,0.011848958329463977,0.003515625,0.18518518518518517,7680,27
cholera,1,seasonal history (baseline),2020,0,0.001466122214373641,0.7105914538822304,0.001021154973555233,0.0005208333333333333,0.25,7680,4
cholera,1,recent outbreaks (persistence),2020,0,0.0016285766425808666,0.7537128712871288,0.0027343749992166325,0.0005208333333333333,0.0,7680,4
cholera,1,seasonal history (baseline),2021,0,0.023664031912727493,0.7612656995655167,0.003055066662834527,0.002864583333333333,0.5454545454545454,7680,22
cholera,1,recent outbreaks (persistence),2021,0,0.010996719277181842,0.5584534295686032,0.009244791664244715,0.002864583333333333,0.2727272727272727,7680,22
cholera,1,seasonal history (baseline),2022,0,0.011628372362698326,0.9268525757970637,0.0010961264324860444,0.00078125,0.8333333333333334,7680,6
cholera,1,recent outbreaks (persistence),2022,0,0.001349645028137273,0.6684910086004692,0.004427083332292422,0.00078125,0.0,7680,6
cholera,1,history only,2015,30,0.044758848880683266,0.856904834583406,0.004667660988293657,0.0046875,0.5555555555555556,7680,36
cholera,1,history only,2016,65,0.08900841408746189,0.8363627087080192,0.011511554132011407,0.012109375,0.5053763440860215,7680,93
cholera,1,history only,2017,98,0.025595136200076272,0.8393267973856209,0.003985840574920198,0.00390625,0.5666666666666667,7680,30
cholera,1,history only,2018,49,0.03417589779114437,0.8901036146560777,0.0035756092286051756,0.003515625,0.5925925925925926,7680,27
cholera,1,history only,2019,38,0.04437553172306646,0.8743920321732944,0.0034994532968673706,0.003515625,0.4444444444444444,7680,27
cholera,1,history only,2020,30,0.00155593877579909,0.7596892912975508,0.0007189466186829324,0.0005208333333333333,0.25,7680,4
cholera,1,history only,2021,20,0.02975407615409413,0.7999269925686745,0.0028542514207475843,0.002864583333333333,0.5,7680,22
cholera,1,history only,2022,25,0.009793187169093272,0.9404699852315177,0.0008507684959147524,0.00078125,0.8333333333333334,7680,6
cholera,1,climate only,2015,107,0.013039270425488995,0.7405154369440083,0.004688788781421331,0.0046875,0.2777777777777778,7680,36
cholera,1,climate only,2016,35,0.024331193992327485,0.6815591468712043,0.011946105339650282,0.012109375,0.20430107526881722,7680,93
cholera,1,climate only,2017,27,0.006099121477687043,0.6229803921568627,0.003903821086714201,0.00390625,0.13333333333333333,7680,30
cholera,1,climate only,2018,87,0.012256892002884738,0.7672783851406614,0.0035289131914717346,0.003515625,0.3333333333333333,7680,27
cholera,1,climate only,2019,91,0.02225664289280914,0.7727204533685652,0.0034911728537791076,0.003515625,0.4444444444444444,7680,27
cholera,1,climate only,2020,289,0.0018163577373684675,0.7261920270974467,0.0006650987748282545,0.0005208333333333333,0.25,7680,4
cholera,1,climate only,2021,49,0.007952954282099155,0.7921484365725682,0.002867814466912541,0.002864583333333333,0.2727272727272727,7680,22
cholera,1,climate only,2022,122,0.0025935906210198967,0.5572278689948744,0.0008473996258522692,0.00078125,0.16666666666666666,7680,6
cholera,1,climate+history+recent reports,2015,36,0.06307913304974383,0.8581167509738938,0.004594444209112179,0.0046875,0.6111111111111112,7680,36
cholera,1,climate+history+recent reports,2016,83,0.13943866446410988,0.8654036120075227,0.011232352918129766,0.012109375,0.5591397849462365,7680,93
cholera,1,climate+history+recent reports,2017,130,0.05079671361901891,0.8332723311546841,0.003836363620277333,0.00390625,0.43333333333333335,7680,30
cholera,1,climate+history+recent reports,2018,38,0.08048144408435877,0.9124792504512875,0.0033874157427236625,0.003515625,0.7037037037037037,7680,27
cholera,1,climate+history+recent reports,2019,80,0.07336439644622901,0.8651557607522589,0.0033908295483085897,0.003515625,0.4444444444444444,7680,27
cholera,1,climate+history+recent reports,2020,219,0.0025568848733031175,0.8612884314747263,0.0005631932611790863,0.0005208333333333333,0.25,7680,4
cholera,1,climate+history+recent reports,2021,917,0.0346221820824634,0.8671027327334457,0.002849706409586683,0.002864583333333333,0.6818181818181818,7680,22
cholera,1,climate+history+recent reports,2022,132,0.006573516442435981,0.9025931717487621,0.0008286406454033682,0.00078125,0.6666666666666666,7680,6
cholera,1,history+recent reports,2015,126,0.05319369392814162,0.8743422582708297,0.004739703405526033,0.0046875,0.6388888888888888,7680,36
cholera,1,history+recent reports,2016,109,0.11985446332573875,0.8866425450438001,0.011288440873927504,0.012109375,0.5913978494623656,7680,93
cholera,1,history+recent reports,2017,94,0.10268944550658698,0.881442265795207,0.0038075383127073982,0.00390625,0.5,7680,30
cholera,1,history+recent reports,2018,66,0.126104454066542,0.8906504832285572,0.0033648133466194414,0.003515625,0.6296296296296297,7680,27
cholera,1,history+recent reports,2019,96,0.07475786948303556,0.8650275128126951,0.003400897816371587,0.003515625,0.4444444444444444,7680,27
cholera,1,history+recent reports,2020,102,0.0018048068567797673,0.8048788431474726,0.000555297208441821,0.0005208333333333333,0.25,7680,4
cholera,1,history+recent reports,2021,185,0.0463805361128572,0.9038349675918232,0.0028084993040455976,0.002864583333333333,0.7727272727272727,7680,22
cholera,1,history+recent reports,2022,106,0.013668137347021552,0.9556728346798714,0.0008230773805280116,0.00078125,0.8333333333333334,7680,6
dengue,2,climate+history,2015,48,0.07533764135374602,0.8124342629482072,0.01867232300562113,0.01953125,0.37333333333333335,7680,150
dengue,2,climate+history,2016,94,0.07687128518394776,0.818535192563081,0.018893699576203106,0.01953125,0.47333333333333333,7680,150
dengue,2,climate+history,2017,36,0.10616754135099535,0.8687738669202643,0.017375423276127344,0.01875,0.5625,7680,144
dengue,2,climate+history,2018,133,0.061373280267714714,0.8332306731452407,0.012958775891312174,0.011979166666666667,0.4673913043478261,7680,92
dengue,2,climate+history,2019,25,0.13155153216061236,0.8707697925746922,0.01887524184781595,0.020572916666666666,0.5253164556962026,7680,158
dengue,2,climate+history,2020,228,0.10132056229925952,0.9136145125965922,0.005790648101924975,0.0049479166666666664,0.6842105263157895,7680,38
dengue,2,climate+history,2021,20,0.10310382620790903,0.8581923091817372,0.010525428322252702,0.011067708333333334,0.6235294117647059,7680,85
dengue,2,climate+history,2022,184,0.02379121647441707,0.8535639454662116,0.0036902850917990993,0.002994791666666667,0.4782608695652174,7680,23
dengue,2,seasonal history (baseline),2015,0,0.07650037208678984,0.7168375387339531,0.018724746005067558,0.01953125,0.5,7680,150
dengue,2,recent outbreaks (persistence),2015,0,0.04385767251455649,0.5874510845506862,0.056901041652360804,0.01953125,0.2733333333333333,7680,150
dengue,2,seasonal history (baseline),2016,0,0.09831222212872986,0.744082337317397,0.01830932073190213,0.01953125,0.52,7680,150
dengue,2,recent outbreaks (persistence),2016,0,0.05581481210888148,0.5698486055776892,0.06249999998710976,0.01953125,0.28,7680,150
dengue,2,seasonal history (baseline),2017,0,0.10963217414841565,0.7478252535975466,0.01755804290512449,0.01875,0.4583333333333333,7680,144
dengue,2,recent outbreaks (persistence),2017,0,0.05184309993945754,0.6052660194031612,0.0555989583195814,0.01875,0.2986111111111111,7680,144
dengue,2,seasonal history (baseline),2018,0,0.082052125816382,0.7219522816346176,0.011852823614985707,0.011979166666666667,0.41304347826086957,7680,92
dengue,2,recent outbreaks (persistence),2018,0,0.02051379964963249,0.5649022484013659,0.04140624998980682,0.011979166666666667,0.18478260869565216,7680,92
dengue,2,seasonal history (baseline),2019,0,0.1096796177256289,0.7601524978207386,0.019209962269841133,0.020572916666666666,0.4430379746835443,7680,158
dengue,2,recent outbreaks (persistence),2019,0,0.052803281525903356,0.5866201757544958,0.05611979165038551,0.020572916666666666,0.2721518987341772,7680,158
dengue,2,seasonal history (baseline),2020,0,0.05895524220149669,0.8857353407071723,0.00542635398482911,0.0049479166666666664,0.7368421052631579,7680,38
dengue,2,recent outbreaks (persistence),2020,0,0.013482290265547035,0.4988705078582349,0.02799479166323496,0.0049479166666666664,0.18421052631578946,7680,38
dengue,2,seasonal history (baseline),2021,0,0.10242049726081917,0.7961212872245673,0.010639901356497457,0.011067708333333334,0.5647058823529412,7680,85
dengue,2,recent outbreaks (persistence),2021,0,0.028838287628271283,0.5787228439763001,0.032552083324498673,0.011067708333333334,0.25882352941176473,7680,85
dengue,2,seasonal history (baseline),2022,0,0.03389848596969953,0.8684068570390265,0.003846389274974556,0.002994791666666667,0.4782608695652174,7680,23
dengue,2,recent outbreaks (persistence),2022,0,0.042811142756687515,0.5579662826285694,0.017187499997682584,0.002994791666666667,0.21739130434782608,7680,23
dengue,2,history only,2015,55,0.0757792192482183,0.7973806994245242,0.018643136525614272,0.01953125,0.35333333333333333,7680,150
dengue,2,history only,2016,39,0.09256958625164642,0.8218003541389995,0.0184285363340992,0.01953125,0.47333333333333333,7680,150
dengue,2,history only,2017,32,0.09920067758854817,0.8715872147027601,0.017429869438348504,0.01875,0.5625,7680,144
dengue,2,history only,2018,359,0.08424308483468994,0.8399346221723086,0.01310372285855546,0.011979166666666667,0.5,7680,92
dengue,2,history only,2019,26,0.13071034835113937,0.8615234973192559,0.01895693323001042,0.020572916666666666,0.4873417721518987,7680,158
dengue,2,history only,2020,100,0.1464977829485981,0.9266518822573314,0.005660353481149936,0.0049479166666666664,0.6842105263157895,7680,38
dengue,2,history only,2021,20,0.10986630027891407,0.8668520311350347,0.010540441816751204,0.011067708333333334,0.6235294117647059,7680,85
dengue,2,history only,2022,65,0.02948837679247079,0.8726712130417749,0.0037379173368832556,0.002994791666666667,0.5652173913043478,7680,23
dengue,2,climate only,2015,77,0.050658023158529665,0.7603824701195219,0.0190179178256207,0.01953125,0.36,7680,150
dengue,2,climate only,2016,36,0.05759533550476105,0.7777476759628154,0.018939229642873874,0.01953125,0.4,7680,150
dengue,2,climate only,2017,69,0.08204676440124684,0.8152290302842652,0.017937173694881202,0.01875,0.4375,7680,144
dengue,2,climate only,2018,122,0.04024684866419944,0.7665535972129907,0.011741004733835169,0.011979166666666667,0.29347826086956524,7680,92
dengue,2,climate only,2019,60,0.08464811864459229,0.8336588202033528,0.019565446719460915,0.020572916666666666,0.4620253164556962,7680,158
dengue,2,climate only,2020,186,0.03479520239118908,0.8062197826416342,0.005023765780834597,0.0049479166666666664,0.47368421052631576,7680,38
dengue,2,climate only,2021,193,0.07073777152243152,0.7940363242071022,0.01074188107631014,0.011067708333333334,0.3411764705882353,7680,85
dengue,2,climate only,2022,129,0.012973205522744252,0.7718512756159468,0.0031223568444907978,0.002994791666666667,0.391304347826087,7680,23
dengue,2,climate+history+recent reports,2015,84,0.08521245822624779,0.8322319610447101,0.018547860830322064,0.01953125,0.47333333333333333,7680,150
dengue,2,climate+history+recent reports,2016,86,0.10049991803999761,0.8351412129260736,0.018404690405435634,0.01953125,0.5066666666666667,7680,150
dengue,2,climate+history+recent reports,2017,51,0.14752659504875942,0.8813284198808682,0.0169668730698184,0.01875,0.6180555555555556,7680,144
dengue,2,climate+history+recent reports,2018,82,0.07663768418164164,0.8515505030826706,0.011762269462402504,0.011979166666666667,0.5108695652173914,7680,92
dengue,2,climate+history+recent reports,2019,41,0.1538735891022523,0.8723020069399803,0.01868305501241938,0.020572916666666666,0.5569620253164557,7680,158
dengue,2,climate+history+recent reports,2020,105,0.14310652397897727,0.9321374950068183,0.005112659175474825,0.0049479166666666664,0.7631578947368421,7680,38
dengue,2,climate+history+recent reports,2021,631,0.12685794301545186,0.8734089764938233,0.010329422972831874,0.011067708333333334,0.611764705882353,7680,85
dengue,2,climate+history+recent reports,2022,126,0.03955489485034384,0.8775317839317249,0.003336513866472325,0.002994791666666667,0.5217391304347826,7680,23
dengue,2,history+recent reports,2015,55,0.0780606214972934,0.814522355024347,0.018579648649120487,0.01953125,0.44,7680,150
dengue,2,history+recent reports,2016,56,0.11022795702335293,0.8333868968570164,0.018334312843080586,0.01953125,0.5066666666666667,7680,150
dengue,2,history+recent reports,2017,67,0.13298770643877014,0.879971507136117,0.0171126996774844,0.01875,0.625,7680,144
dengue,2,history+recent reports,2018,125,0.08367080023360494,0.8613815291879627,0.012026301241917203,0.011979166666666667,0.5652173913043478,7680,92
dengue,2,history+recent reports,2019,26,0.13388251801001758,0.857084619293953,0.019022388847252127,0.020572916666666666,0.5189873417721519,7680,158
dengue,2,history+recent reports,2020,73,0.11578329966448446,0.9369533326905329,0.0050675412641492746,0.0049479166666666664,0.7894736842105263,7680,38
dengue,2,history+recent reports,2021,198,0.12957165606134088,0.87211323238973,0.010413020158360842,0.011067708333333334,0.6,7680,85
dengue,2,history+recent reports,2022,88,0.026522360763698155,0.8793175894748199,0.0035203526317502004,0.002994791666666667,0.4782608695652174,7680,23
chikungunya,2,climate+history,2015,109,0.052477246833719245,0.8889976903662079,0.005663768209487089,0.005729166666666666,0.6363636363636364,7680,44
chikungunya,2,climate+history,2016,117,0.049706600781901776,0.846400572152341,0.00614729998113052,0.00625,0.5833333333333334,7680,48
chikungunya,2,climate+history,2017,45,0.1353270103320826,0.9137118472691128,0.008450339603897211,0.008984375,0.6521739130434783,7680,69
chikungunya,2,climate+history,2018,106,0.08014062880615035,0.9131750177737937,0.008505913470371785,0.008854166666666666,0.6911764705882353,7680,68
chikungunya,2,climate+history,2019,67,0.08274085249107743,0.9010753715245441,0.008207566891689977,0.00859375,0.6212121212121212,7680,66
chikungunya,2,climate+history,2020,70,0.0729435607145478,0.953515183154964,0.0024086074079091796,0.00234375,0.9444444444444444,7680,18
chikungunya,2,climate+history,2021,28,0.09966740717716034,0.9283717965481173,0.00400278780597879,0.004166666666666667,0.84375,7680,32
chikungunya,2,climate+history,2022,145,0.01430013962808958,0.9075179153094463,0.0009820797692711343,0.0006510416666666666,0.6,7680,5
chikungunya,2,seasonal history (baseline),2015,0,0.06896573493941383,0.7038876851278633,0.005692418982626809,0.005729166666666666,0.5909090909090909,7680,44
chikungunya,2,recent outbreaks (persistence),2015,0,0.03542563541403221,0.5752625125005952,0.019661458329305034,0.005729166666666666,0.29545454545454547,7680,44
chikungunya,2,seasonal history (baseline),2016,0,0.1129039363994274,0.6041966937456325,0.00629397688915432,0.00625,0.375,7680,48
chikungunya,2,recent outbreaks (persistence),2016,0,0.02713457060189059,0.5111564247030048,0.02005208332846613,0.00625,0.22916666666666666,7680,48
chikungunya,2,seasonal history (baseline),2017,0,0.12664170172345046,0.7464348892430673,0.008507313512306353,0.008984375,0.5072463768115942,7680,69
chikungunya,2,recent outbreaks (persistence),2017,0,0.08380637366717669,0.6715032970966888,0.023567708325842377,0.008984375,0.3188405797101449,7680,69
chikungunya,2,seasonal history (baseline),2018,0,0.06370575720182482,0.7853408704522271,0.008640485010273896,0.008854166666666666,0.5588235294117647,7680,68
chikungunya,2,recent outbreaks (persistence),2018,0,0.07058686552079663,0.6683873759698309,0.028385416661455776,0.008854166666666666,0.38235294117647056,7680,68
chikungunya,2,seasonal history (baseline),2019,0,0.05982933586213541,0.7955819025558978,0.008401514987661788,0.00859375,0.6515151515151515,7680,66
chikungunya,2,recent outbreaks (persistence),2019,0,0.018743521710774192,0.5408657098964427,0.025390624993217356,0.00859375,0.18181818181818182,7680,66
chikungunya,2,seasonal history (baseline),2020,0,0.07774776206790908,0.8344354534644277,0.002540815355455209,0.00234375,0.7222222222222222,7680,18
chikungunya,2,recent outbreaks (persistence),2020,0,0.013532760143551082,0.47632616955248125,0.01002604166521362,0.00234375,0.2222222222222222,7680,18
chikungunya,2,seasonal history (baseline),2021,0,0.0690574780396529,0.8431779550209205,0.00420014871671728,0.004166666666666667,0.78125,7680,32
chikungunya,2,recent outbreaks (persistence),2021,0,0.08904458636079049,0.717299457374477,0.012630208330724663,0.004166666666666667,0.40625,7680,32
chikungunya,2,seasonal history (baseline),2022,0,0.008789307766168455,0.7313094462540717,0.0011591403617266056,0.0006510416666666666,0.6,7680,5
chikungunya,2,recent outbreaks (persistence),2022,0,0.00829923197505002,0.49709446254071654,0.00416666666628245,0.0006510416666666666,0.2,7680,5
chikungunya,2,history only,2015,69,0.06970456843041993,0.8794243178246584,0.0056001427483484394,0.005729166666666666,0.6590909090909091,7680,44
chikungunya,2,history only,2016,188,0.07524570276062036,0.845587111285814,0.006183697532788329,0.00625,0.5625,7680,48
chikungunya,2,history only,2017,145,0.09338786259542081,0.9028170515977065,0.008545019579977135,0.008984375,0.5942028985507246,7680,69
chikungunya,2,history only,2018,149,0.07850858054010305,0.9037249621340918,0.00863551220126404,0.008854166666666666,0.6470588235294118,7680,68
chikungunya,2,history only,2019,52,0.08516804920601923,0.891497719511904,0.008169793471191967,0.00859375,0.6212121212121212,7680,66
chikungunya,2,history only,2020,60,0.0668931342582272,0.95243118999971,0.002425634452193692,0.00234375,0.8333333333333334,7680,18
chikungunya,2,history only,2021,39,0.08503303547492887,0.9370341919456066,0.003972755134895933,0.004166666666666667,0.875,7680,32
chikungunya,2,history only,2022,330,0.012847840228903864,0.9572377850162866,0.001129511898766848,0.0006510416666666666,1.0,7680,5
chikungunya,2,climate only,2015,89,0.041785512713347406,0.8273161817229392,0.0056056705547318526,0.005729166666666666,0.5454545454545454,7680,44
chikungunya,2,climate only,2016,92,0.03193272802294562,0.7945479013801537,0.006144260404933819,0.00625,0.3958333333333333,7680,48
chikungunya,2,climate only,2017,48,0.04624874793216431,0.8434969218846101,0.008752625451341674,0.008984375,0.42028985507246375,7680,69
chikungunya,2,climate only,2018,84,0.0588021121540789,0.8759572733454917,0.008567143520796147,0.008854166666666666,0.5882352941176471,7680,68
chikungunya,2,climate only,2019,176,0.05033978600659528,0.8691226687680589,0.008352787230980185,0.00859375,0.5454545454545454,7680,66
chikungunya,2,climate only,2020,153,0.022545976572884704,0.9098291713796804,0.00241762449308963,0.00234375,0.6111111111111112,7680,18
chikungunya,2,climate only,2021,218,0.02961984625338484,0.84793410041841,0.004176234650606579,0.004166666666666667,0.4375,7680,32
chikungunya,2,climate only,2022,355,0.007254251794724417,0.8130162866449511,0.0008545757813120354,0.0006510416666666666,0.6,7680,5
chikungunya,2,climate+history+recent reports,2015,86,0.0616763272377631,0.8964950711938664,0.00554857218868697,0.005729166666666666,0.6136363636363636,7680,44
chikungunya,2,climate+history+recent reports,2016,94,0.0735204982045083,0.8635105476939202,0.005988531249832616,0.00625,0.6458333333333334,7680,48
chikungunya,2,climate+history+recent reports,2017,59,0.18537899917680184,0.9212200495468992,0.008290450379754118,0.008984375,0.6956521739130435,7680,69
chikungunya,2,climate+history+recent reports,2018,196,0.08753094726406167,0.9153774226453587,0.008422502437579108,0.008854166666666666,0.7794117647058824,7680,68
chikungunya,2,climate+history+recent reports,2019,56,0.09029933138179791,0.905951755538044,0.008157956660699973,0.00859375,0.696969696969697,7680,66
chikungunya,2,climate+history+recent reports,2020,56,0.04749774290352449,0.9608312306041359,0.0024194410821812853,0.00234375,0.9444444444444444,7680,18
chikungunya,2,climate+history+recent reports,2021,43,0.14126542156484714,0.9399475353033473,0.003858926477010875,0.004166666666666667,0.875,7680,32
chikungunya,2,climate+history+recent reports,2022,245,0.023636478922490118,0.9195830618892508,0.0008453679887475244,0.0006510416666666666,0.6,7680,5
chikungunya,2,history+recent reports,2015,66,0.05830810943871818,0.8951423282061051,0.005580151833325308,0.005729166666666666,0.7272727272727273,7680,44
chikungunya,2,history+recent reports,2016,76,0.04722371262117529,0.8664668501048218,0.006131423523708589,0.00625,0.625,7680,48
chikungunya,2,history+recent reports,2017,92,0.18885729987232502,0.9135956919713839,0.008216054725926654,0.008984375,0.6956521739130435,7680,69
chikungunya,2,history+recent reports,2018,156,0.0748810187823151,0.9063456307378444,0.008572186588324641,0.008854166666666666,0.6911764705882353,7680,68
chikungunya,2,history+recent reports,2019,54,0.10007802629152197,0.8974476840907102,0.008110854453789963,0.00859375,0.696969696969697,7680,66
chikungunya,2,history+recent reports,2020,82,0.0646363563991128,0.9547043127700919,0.00241396096833219,0.00234375,0.9444444444444444,7680,18
chikungunya,2,history+recent reports,2021,46,0.14355758855954606,0.9536725287656904,0.0038151464428531757,0.004166666666666667,0.875,7680,32
chikungunya,2,history+recent reports,2022,131,0.01688731259960781,0.9638566775244299,0.0008330192277825922,0.0006510416666666666,1.0,7680,5
malaria,2,climate+history,2015,42,0.04456310211847585,0.8083261081223216,0.009422782275880896,0.009635416666666667,0.44594594594594594,7680,74
malaria,2,climate+history,2016,52,0.08165508817808902,0.8691401070048199,0.004668429196323725,0.0048177083333333336,0.5675675675675675,7680,37
malaria,2,climate+history,2017,89,0.04923094821095559,0.8607176143624087,0.003935809125745037,0.004036458333333334,0.6129032258064516,7680,31
malaria,2,climate+history,2018,107,0.03895054892581587,0.8339150574112736,0.002098321299852115,0.0020833333333333333,0.625,7680,16
malaria,2,climate+history,2019,310,0.03287004048129149,0.8111042994110671,0.0034158189342761484,0.0033854166666666668,0.5384615384615384,7680,26
malaria,2,climate+history,2020,89,0.13828735529079716,0.8170888917858024,0.0011959678115360394,0.001171875,0.5555555555555556,7680,9
malaria,2,climate+history,2021,1010,0.039303989633081064,0.8364186456158664,0.0021322126132082243,0.0020833333333333333,0.5625,7680,16
malaria,2,climate+history,2022,206,0.04620097952382021,0.8590651660655572,0.00124243564157355,0.001171875,0.7777777777777778,7680,9
malaria,2,seasonal history (baseline),2015,0,0.05567263770771389,0.6938707705865212,0.009418290247217347,0.009635416666666667,0.44594594594594594,7680,74
malaria,2,recent outbreaks (persistence),2015,0,0.032360946092555146,0.5737824334984472,0.029557291658336968,0.009635416666666667,0.2702702702702703,7680,74
malaria,2,seasonal history (baseline),2016,0,0.0975585143497705,0.7384464144898529,0.004819652109619479,0.0048177083333333336,0.5135135135135135,7680,37
malaria,2,recent outbreaks (persistence),2016,0,0.03607317516711037,0.5665491476037073,0.022265624995786933,0.0048177083333333336,0.2702702702702703,7680,37
malaria,2,seasonal history (baseline),2017,0,0.03715070742646971,0.7386080406884306,0.004152678868978729,0.004036458333333334,0.5161290322580645,7680,31
malaria,2,recent outbreaks (persistence),2017,0,0.011135616159490366,0.5133624888768931,0.013932291663294138,0.004036458333333334,0.16129032258064516,7680,31
malaria,2,seasonal history (baseline),2018,0,0.013045295038010206,0.6216890657620041,0.0024355874013080683,0.0020833333333333333,0.25,7680,16
malaria,2,recent outbreaks (persistence),2018,0,0.0041195629310004445,0.5718782620041755,0.008203124997879016,0.0020833333333333333,0.125,7680,16
malaria,2,seasonal history (baseline),2019,0,0.06246533632048623,0.661790717774517,0.0034148662576018118,0.0033854166666666668,0.5384615384615384,7680,26
malaria,2,recent outbreaks (persistence),2019,0,0.014369567206320598,0.5361550521597556,0.012890624997403174,0.0033854166666666668,0.23076923076923078,7680,26
malaria,2,seasonal history (baseline),2020,0,0.030706322624924582,0.8391199177276611,0.0014014195020476442,0.001171875,0.7777777777777778,7680,9
malaria,2,recent outbreaks (persistence),2020,0,0.13527753608295845,0.7323107229247237,0.0037760416657351176,0.001171875,0.3333333333333333,7680,9
malaria,2,seasonal history (baseline),2021,0,0.16922183538876734,0.8124510699373695,0.0020746082750252807,0.0020833333333333333,0.625,7680,16
malaria,2,recent outbreaks (persistence),2021,0,0.05774934889192392,0.6966662317327766,0.005598958331732332,0.0020833333333333333,0.5,7680,16
malaria,2,seasonal history (baseline),2022,0,0.01723035546082046,0.8097017627717666,0.0013743006177404154,0.001171875,0.6666666666666666,7680,9
malaria,2,recent outbreaks (persistence),2022,0,0.14953787501145846,0.6232129665841045,0.005598958332655369,0.001171875,0.4444444444444444,7680,9
malaria,2,history only,2015,76,0.04012533514516449,0.7820559515602903,0.009463730498046679,0.009635416666666667,0.40540540540540543,7680,74
malaria,2,history only,2016,56,0.07877735853865553,0.8318581567305889,0.004689759004668451,0.0048177083333333336,0.4864864864864865,7680,37
malaria,2,history only,2017,113,0.03996353393204369,0.8484094484204133,0.003968280117713147,0.004036458333333334,0.6451612903225806,7680,31
malaria,2,history only,2018,75,0.04599042134291638,0.8405002283402923,0.0020763114097106365,0.0020833333333333333,0.5625,7680,16
malaria,2,history only,2019,537,0.04993710015708301,0.8023255813953488,0.003342128170040244,0.0033854166666666668,0.5384615384615384,7680,26
malaria,2,history only,2020,104,0.19163432809416192,0.8003157635539333,0.00114634336236783,0.001171875,0.6666666666666666,7680,9
malaria,2,history only,2021,605,0.08812593244239972,0.8554605949895615,0.002019504988176399,0.0020833333333333333,0.625,7680,16
malaria,2,history only,2022,208,0.040562782108621125,0.9076753718912498,0.0012728102008519602,0.001171875,0.7777777777777778,7680,9
malaria,2,climate only,2015,20,0.032902165746882636,0.7617421523548266,0.00948027538172676,0.009635416666666667,0.36486486486486486,7680,74
malaria,2,climate only,2016,39,0.019554118571169947,0.7565056879462217,0.004770297016851165,0.0048177083333333336,0.35135135135135137,7680,37
malaria,2,climate only,2017,69,0.011192015134708707,0.7719035589724991,0.004011087637327883,0.004036458333333334,0.2903225806451613,7680,31
malaria,2,climate only,2018,65,0.00593730876518711,0.7927404097077244,0.0020970826906265487,0.0020833333333333333,0.3125,7680,16
malaria,2,climate only,2019,311,0.0068566377571107695,0.6976693935800286,0.0034205503699887133,0.0033854166666666668,0.15384615384615385,7680,26
malaria,2,climate only,2020,70,0.005022781614815256,0.5967206941004359,0.0012359731812362509,0.001171875,0.2222222222222222,7680,9
malaria,2,climate only,2021,20,0.005424362227221762,0.7502731928496869,0.0020875134467856,0.0020833333333333333,0.3125,7680,16
malaria,2,climate only,2022,214,0.0020829014220103675,0.5984081461203088,0.0012162375832349282,0.001171875,0.1111111111111111,7680,9
malaria,2,climate+history+recent reports,2015,70,0.08200041861754534,0.8364564604046593,0.009235528492604606,0.009635416666666667,0.4864864864864865,7680,74
malaria,2,climate+history+recent reports,2016,85,0.05774037780206579,0.8916832572465178,0.00467789058334961,0.0048177083333333336,0.7027027027027027,7680,37
malaria,2,climate+history+recent reports,2017,160,0.06352045477034413,0.8550010754093935,0.003908127864264255,0.004036458333333334,0.6129032258064516,7680,31
malaria,2,climate+history+recent reports,2018,132,0.04018321068969026,0.8347224034446763,0.00206858988492814,0.0020833333333333333,0.625,7680,16
malaria,2,climate+history+recent reports,2019,313,0.02546737650809104,0.8040943900625113,0.0034091461323424014,0.0033854166666666668,0.5,7680,26
malaria,2,climate+history+recent reports,2020,83,0.08856660500196138,0.8503961528990861,0.0011687819740718018,0.001171875,0.4444444444444444,7680,9
malaria,2,climate+history+recent reports,2021,127,0.13521046247938817,0.9118443371607516,0.0019537788727744345,0.0020833333333333333,0.6875,7680,16
malaria,2,climate+history+recent reports,2022,145,0.06453541006630525,0.8471153985428526,0.001185339013413606,0.001171875,0.7777777777777778,7680,9
malaria,2,history+recent reports,2015,71,0.09172060087401575,0.8050507778354214,0.009243563023123054,0.009635416666666667,0.4594594594594595,7680,74
malaria,2,history+recent reports,2016,63,0.052462409387066346,0.8937307057155285,0.0047081668445798485,0.0048177083333333336,0.7297297297297297,7680,37
malaria,2,history+recent reports,2017,117,0.08222530046408796,0.8672839376009513,0.003886141713947251,0.004036458333333334,0.6774193548387096,7680,31
malaria,2,history+recent reports,2018,113,0.016855212509736983,0.8292830114822547,0.0020961064646890116,0.0020833333333333333,0.6875,7680,16
malaria,2,history+recent reports,2019,291,0.06422963661460142,0.8260235975156279,0.0033179144276799465,0.0033854166666666668,0.5769230769230769,7680,26
malaria,2,history+recent reports,2020,79,0.04784489094909993,0.8347600631527108,0.0011657147933941845,0.001171875,0.5555555555555556,7680,9
malaria,2,history+recent reports,2021,288,0.16473336561822224,0.8557460203549061,0.0019308678685461722,0.0020833333333333333,0.6875,7680,16
malaria,2,history+recent reports,2022,256,0.1957187322980171,0.8888888888888888,0.001090052262585947,0.001171875,0.7777777777777778,7680,9
diarrhoea,2,climate+history,2015,38,0.1742181688507382,0.7830601318960374,0.040982767531124425,0.04596354166666667,0.38526912181303113,7680,353
diarrhoea,2,climate+history,2016,206,0.23503871807989224,0.7796276665162535,0.0562592008663068,0.065625,0.34523809523809523,7680,504
diarrhoea,2,climate+history,2017,90,0.12031576709992482,0.7578280646478581,0.037265044093353704,0.03919270833333333,0.31561461794019935,7680,301
diarrhoea,2,climate+history,2018,31,0.10490050106831698,0.761431383792849,0.03560805857790461,0.037890625,0.31958762886597936,7680,291
diarrhoea,2,climate+history,2019,72,0.11356431621517868,0.7331865739656233,0.036419865702258615,0.03854166666666667,0.31756756756756754,7680,296
diarrhoea,2,climate+history,2020,50,0.015621491666807081,0.6615271259620801,0.012257165060335678,0.009114583333333334,0.2,7680,70
diarrhoea,2,climate+history,2021,20,0.04545070387967656,0.7123083119083897,0.019142047831474274,0.019010416666666665,0.2602739726027397,7680,146
diarrhoea,2,climate+history,2022,71,0.03480967031535329,0.7448035863099515,0.016103790049643938,0.014973958333333334,0.2608695652173913,7680,115
diarrhoea,2,seasonal history (baseline),2015,0,0.1505271667449339,0.7276729980424762,0.04263565779220211,0.04596354166666667,0.3342776203966006,7680,353
diarrhoea,2,recent outbreaks (persistence),2015,0,0.08902758949633592,0.5880172330133686,0.1292968749704631,0.04596354166666667,0.28611898016997167,7680,353
diarrhoea,2,seasonal history (baseline),2016,0,0.2197578996564459,0.7464191153049847,0.057040296322479166,0.065625,0.3412698412698413,7680,504
diarrhoea,2,recent outbreaks (persistence),2016,0,0.11024893767275748,0.5987498562226823,0.17656249995540937,0.065625,0.21428571428571427,7680,504
diarrhoea,2,seasonal history (baseline),2017,0,0.11489311085036494,0.7346226766359955,0.03778313762217915,0.03919270833333333,0.32558139534883723,7680,301
diarrhoea,2,recent outbreaks (persistence),2017,0,0.05820149325812428,0.568634884216185,0.12682291663707376,0.03919270833333333,0.22259136212624583,7680,301
diarrhoea,2,seasonal history (baseline),2018,0,0.0971301467557946,0.729066007378852,0.037124746825341344,0.037890625,0.29553264604810997,7680,291
diarrhoea,2,recent outbreaks (persistence),2018,0,0.05695315744286809,0.5583241365101556,0.124869791636933,0.037890625,0.20618556701030927,7680,291
diarrhoea,2,seasonal history (baseline),2019,0,0.11509082111031449,0.7383897982489531,0.036930948506808364,0.03854166666666667,0.2939189189189189,7680,296
diarrhoea,2,recent outbreaks (persistence),2019,0,0.07061628088740123,0.5923074177915727,0.11484374996934049,0.03854166666666667,0.23986486486486486,7680,296
diarrhoea,2,seasonal history (baseline),2020,0,0.018432174542317287,0.6769776609724049,0.014187953192828536,0.009114583333333334,0.2714285714285714,7680,70
diarrhoea,2,recent outbreaks (persistence),2020,0,0.027588284369423993,0.6124272573681246,0.0484374999929529,0.009114583333333334,0.3,7680,70
diarrhoea,2,seasonal history (baseline),2021,0,0.05585505712688186,0.7199081060834719,0.02094402903778849,0.019010416666666665,0.2808219178082192,7680,146
diarrhoea,2,recent outbreaks (persistence),2021,0,0.04951265992756339,0.5899302158979748,0.05026041665098959,0.019010416666666665,0.23972602739726026,7680,146
diarrhoea,2,seasonal history (baseline),2022,0,0.04027504227711926,0.7325934653294636,0.017347137566692143,0.014973958333333334,0.3217391304347826,7680,115
diarrhoea,2,recent outbreaks (persistence),2022,0,0.026293997609263223,0.5677117158539039,0.06380208332061589,0.014973958333333334,0.2,7680,115
diarrhoea,2,history only,2015,64,0.1777239581082214,0.7854137612795393,0.041149798383615564,0.04596354166666667,0.3881019830028329,7680,353
diarrhoea,2,history only,2016,86,0.2532737881758873,0.7863072289023376,0.056270905477744805,0.065625,0.375,7680,504
diarrhoea,2,history only,2017,325,0.113759191797113,0.7547444282711242,0.03742627278785618,0.03919270833333333,0.32558139534883723,7680,301
diarrhoea,2,history only,2018,43,0.09984834922753026,0.7581400605246305,0.03575080912664831,0.037890625,0.31958762886597936,7680,291
diarrhoea,2,history only,2019,52,0.1122360006224077,0.7362279838072091,0.03616203219897303,0.03854166666666667,0.28716216216216217,7680,296
diarrhoea,2,history only,2020,58,0.016002814711615434,0.6599202177585883,0.012474811278196303,0.009114583333333334,0.17142857142857143,7680,70
diarrhoea,2,history only,2021,20,0.04247934396085146,0.714792484117662,0.019158715274624386,0.019010416666666665,0.2808219178082192,7680,146
diarrhoea,2,history only,2022,106,0.042885847180232715,0.7612063565044973,0.015901277104325644,0.014973958333333334,0.3739130434782609,7680,115
diarrhoea,2,climate only,2015,112,0.1254354472135134,0.7179058710632528,0.04228704020382069,0.04596354166666667,0.29461756373937675,7680,353
diarrhoea,2,climate only,2016,258,0.1374217526679611,0.7025327480490524,0.059967262078730245,0.065625,0.26785714285714285,7680,504
diarrhoea,2,climate only,2017,55,0.07611589406225783,0.6660456471831934,0.03718940752500107,0.03919270833333333,0.22259136212624583,7680,301
diarrhoea,2,climate only,2018,261,0.07603578994727234,0.7031870073421111,0.036331630736594935,0.037890625,0.2508591065292096,7680,291
diarrhoea,2,climate only,2019,75,0.06717958832165548,0.6679336348130362,0.03682227095511916,0.03854166666666667,0.1891891891891892,7680,296
diarrhoea,2,climate only,2020,133,0.010269333585511829,0.5509264126149803,0.011143508880353778,0.009114583333333334,0.1,7680,70
diarrhoea,2,climate only,2021,20,0.02750604652035052,0.6199130153350474,0.019244292272634186,0.019010416666666665,0.15753424657534246,7680,146
diarrhoea,2,climate only,2022,47,0.02157578068488874,0.6627351360671283,0.015777153707478977,0.014973958333333334,0.12173913043478261,7680,115
diarrhoea,2,climate+history+recent reports,2015,47,0.19012034789191962,0.7991384653215183,0.04048558418629004,0.04596354166666667,0.39660056657223797,7680,353
diarrhoea,2,climate+history+recent reports,2016,128,0.22603749394594844,0.7940938766346375,0.05617478862284173,0.065625,0.37103174603174605,7680,504
diarrhoea,2,climate+history+recent reports,2017,161,0.13280305962397077,0.7786521776127728,0.0365822173477925,0.03919270833333333,0.31893687707641194,7680,301
diarrhoea,2,climate+history+recent reports,2018,97,0.1163509333342448,0.7679040405097388,0.035498591776126784,0.037890625,0.32646048109965636,7680,291
diarrhoea,2,climate+history+recent reports,2019,91,0.12261391897665185,0.7420339997364646,0.03585362563987507,0.03854166666666667,0.31756756756756754,7680,296
diarrhoea,2,climate+history+recent reports,2020,55,0.01992286752970382,0.6903604280082598,0.011167374877510794,0.009114583333333334,0.22857142857142856,7680,70
diarrhoea,2,climate+history+recent reports,2021,51,0.061903579964529845,0.759691226258314,0.01876084590161387,0.019010416666666665,0.3287671232876712,7680,146
diarrhoea,2,climate+history+recent reports,2022,164,0.027419527537258445,0.7012603810454323,0.01596285307848636,0.014973958333333334,0.20869565217391303,7680,115
diarrhoea,2,history+recent reports,2015,111,0.1760539739139153,0.8004224740578814,0.04077289184097626,0.04596354166666667,0.3909348441926346,7680,353
diarrhoea,2,history+recent reports,2016,128,0.24372572281151772,0.796512930004778,0.05565148839078409,0.065625,0.375,7680,504
diarrhoea,2,history+recent reports,2017,149,0.13345775972291002,0.7783381410566668,0.03629536485443244,0.03919270833333333,0.31893687707641194,7680,301
diarrhoea,2,history+recent reports,2018,123,0.11336684870414805,0.7675891859311628,0.03542724330887125,0.037890625,0.3230240549828179,7680,291
diarrhoea,2,history+recent reports,2019,119,0.11670935798377934,0.7388615084477761,0.035810675888458925,0.03854166666666667,0.3547297297297297,7680,296
diarrhoea,2,history+recent reports,2020,69,0.018841139798549747,0.6620715224328891,0.012531181719436336,0.009114583333333334,0.17142857142857143,7680,70
diarrhoea,2,history+recent reports,2021,28,0.057517895244411726,0.749771810713805,0.018723374327122486,0.019010416666666665,0.3219178082191781,7680,146
diarrhoea,2,history+recent reports,2022,76,0.02738731801987602,0.6832857266013391,0.015566783900527018,0.014973958333333334,0.22608695652173913,7680,115
cholera,2,climate+history,2015,21,0.039810897060944976,0.8467734315948601,0.004629420783727322,0.0046875,0.5277777777777778,7680,36
cholera,2,climate+history,2016,52,0.09928853422964681,0.8458221547610443,0.01148320488128361,0.012109375,0.5483870967741935,7680,93
cholera,2,climate+history,2017,85,0.03198408751823855,0.8318649237472767,0.004027391653348939,0.00390625,0.5,7680,30
cholera,2,climate+history,2018,24,0.0441286379169465,0.9170695587786923,0.0034669644096462456,0.003515625,0.7777777777777778,7680,27
cholera,2,climate+history,2019,32,0.037527030830900955,0.8611292594044455,0.0034975966743002766,0.003515625,0.48148148148148145,7680,27
cholera,2,climate+history,2020,24,0.0014474743595480504,0.7797518238665972,0.0006480978074284202,0.0005208333333333333,0.25,7680,4
cholera,2,climate+history,2021,20,0.03290180710968952,0.8919935183646335,0.0028480661072606216,0.002864583333333333,0.6818181818181818,7680,22
cholera,2,climate+history,2022,60,0.0048367181152307,0.8832421162366433,0.0010065367777710606,0.00078125,0.5,7680,6
cholera,2,seasonal history (baseline),2015,0,0.04215415079713141,0.7296354439211582,0.004953012475840419,0.0046875,0.4444444444444444,7680,36
cholera,2,recent outbreaks (persistence),2015,0,0.014370968190319822,0.6020735217163788,0.017447916662283854,0.0046875,0.2777777777777778,7680,36
cholera,2,seasonal history (baseline),2016,0,0.07469130186413654,0.7509407007742446,0.01165066865150555,0.012109375,0.5268817204301075,7680,93
cholera,2,recent outbreaks (persistence),2016,0,0.03029294800603735,0.6152331874981398,0.03984374998895541,0.012109375,0.25806451612903225,7680,93
cholera,2,seasonal history (baseline),2017,0,0.0363249987835873,0.771760348583878,0.004152438973415085,0.00390625,0.5333333333333333,7680,30
cholera,2,recent outbreaks (persistence),2017,0,0.010423644093823445,0.5457734204793028,0.013281249996511797,0.00390625,0.13333333333333333,7680,30
cholera,2,seasonal history (baseline),2018,0,0.04819528591627892,0.8235550328847074,0.0036807771498770098,0.003515625,0.5555555555555556,7680,27
cholera,2,recent outbreaks (persistence),2018,0,0.018236644034604045,0.5530631899376183,0.012499999997143725,0.003515625,0.2222222222222222,7680,27
cholera,2,seasonal history (baseline),2019,0,0.04987413801825291,0.8361233309619562,0.0036356702982932583,0.003515625,0.6296296296296297,7680,27
cholera,2,recent outbreaks (persistence),2019,0,0.005118237455029009,0.5877724058829508,0.012239583329192191,0.003515625,0.07407407407407407,7680,27
cholera,2,seasonal history (baseline),2020,0,0.0014332160445680005,0.7099075039082856,0.0010222968372762859,0.0005208333333333333,0.25,7680,4
cholera,2,recent outbreaks (persistence),2020,0,0.001622691960839713,0.7532569046378322,0.0035156249992166332,0.0005208333333333333,0.0,7680,4
cholera,2,seasonal history (baseline),2021,0,0.023555051235551974,0.7610104703340536,0.0030561552196585354,0.002864583333333333,0.5,7680,22
cholera,2,recent outbreaks (persistence),2021,0,0.005330791887329514,0.48981457299556025,0.008854166664121277,0.002864583333333333,0.18181818181818182,7680,22
cholera,2,seasonal history (baseline),2022,0,0.01144652372123181,0.9262010251064199,0.0010969735856622342,0.00078125,0.8333333333333334,7680,6
cholera,2,recent outbreaks (persistence),2022,0,0.0013452237069576172,0.6676005559899226,0.005598958332292421,0.00078125,0.0,7680,6
cholera,2,history only,2015,21,0.03607867368409611,0.8551950694807838,0.0046316531932105946,0.0046875,0.5555555555555556,7680,36
cholera,2,history only,2016,47,0.10108422729012599,0.8367574132890017,0.011506252218099308,0.012109375,0.5591397849462365,7680,93
cholera,2,history only,2017,99,0.02727468745621342,0.8493159041394336,0.003980021449174348,0.00390625,0.5,7680,30
cholera,2,history only,2018,27,0.03214451541010155,0.8865199316656263,0.0035018081804807357,0.003515625,0.5185185185185185,7680,27
cholera,2,history only,2019,38,0.04343722471958481,0.8721972985660428,0.003493667154083243,0.003515625,0.4444444444444444,7680,27
cholera,2,history only,2020,23,0.0017290682164219878,0.7830250130276185,0.0006621328424029904,0.0005208333333333333,0.25,7680,4
cholera,2,history only,2021,20,0.02920400846821564,0.7788023219924499,0.0028553500029923056,0.002864583333333333,0.5,7680,22
cholera,2,history only,2022,47,0.010617212889395593,0.9403505342715663,0.0009113364803035851,0.00078125,0.8333333333333334,7680,6
cholera,2,climate only,2015,81,0.010029449963975456,0.7329168847025991,0.004695004172675822,0.0046875,0.25,7680,36
cholera,2,climate only,2016,77,0.0342239141400948,0.7182943093095009,0.011905031566918862,0.012109375,0.2903225806451613,7680,93
cholera,2,climate only,2017,33,0.007797796757871205,0.6579172113289761,0.003900897984381507,0.00390625,0.13333333333333333,7680,30
cholera,2,climate only,2018,28,0.01582466433416483,0.7588890340752356,0.0035025022949072056,0.003515625,0.4074074074074074,7680,27
cholera,2,climate only,2019,37,0.014075287097703776,0.7380983492312383,0.003506160272160139,0.003515625,0.3333333333333333,7680,27
cholera,2,climate only,2020,219,0.0010522131885891753,0.6490033871808234,0.0006182607213520297,0.0005208333333333333,0.25,7680,4
cholera,2,climate only,2021,48,0.008538445686095726,0.7620076450058167,0.002869956156761665,0.002864583333333333,0.18181818181818182,7680,22
cholera,2,climate only,2022,74,0.0013679586483022355,0.5544913560941709,0.000835403080636625,0.00078125,0.16666666666666666,7680,6
cholera,2,climate+history+recent reports,2015,30,0.04484097342203871,0.8589525553811268,0.004662901219487019,0.0046875,0.6388888888888888,7680,36
cholera,2,climate+history+recent reports,2016,69,0.1147554189144219,0.8506401017019775,0.01133424742889315,0.012109375,0.5591397849462365,7680,93
cholera,2,climate+history+recent reports,2017,126,0.04016055630110988,0.8294248366013073,0.0039329597804918645,0.00390625,0.4666666666666667,7680,30
cholera,2,climate+history+recent reports,2018,35,0.05686579471182938,0.9172195846702577,0.0034277197691977013,0.003515625,0.7407407407407407,7680,27
cholera,2,climate+history+recent reports,2019,62,0.05590732238082033,0.8571922896370825,0.003442737944078212,0.003515625,0.4444444444444444,7680,27
cholera,2,climate+history+recent reports,2020,162,0.0012418793872975046,0.699127149557061,0.0006089355505429896,0.0005208333333333333,0.25,7680,4
cholera,2,climate+history+recent reports,2021,521,0.021191826600501527,0.8731332652722048,0.002848502270396783,0.002864583333333333,0.5909090909090909,7680,22
cholera,2,climate+history+recent reports,2022,104,0.003172884338209225,0.8585917817739553,0.0009146903352253153,0.00078125,0.5,7680,6
cholera,2,history+recent reports,2015,30,0.04050102806400467,0.8569193703122275,0.004623038815966158,0.0046875,0.6111111111111112,7680,36
cholera,2,history+recent reports,2016,60,0.09401483085575697,0.8624493509696127,0.011457325906228158,0.012109375,0.5376344086021505,7680,93
cholera,2,history+recent reports,2017,96,0.02737252601200448,0.8456514161220043,0.003949282276920202,0.00390625,0.5333333333333333,7680,30
cholera,2,history+recent reports,2018,38,0.08279042043302728,0.8898277605973934,0.003443520520762552,0.003515625,0.5555555555555556,7680,27
cholera,2,history+recent reports,2019,92,0.0608036612882557,0.8658623343060818,0.0034438560270476,0.003515625,0.5185185185185185,7680,27
cholera,2,history+recent reports,2020,96,0.0015727487026544501,0.7540385617509119,0.000587609049571459,0.0005208333333333333,0.25,7680,4
cholera,2,history+recent reports,2021,175,0.026155938250274485,0.8797603219449655,0.002835631005897455,0.002864583333333333,0.6363636363636364,7680,22
cholera,2,history+recent reports,2022,103,0.005052782256461616,0.9114759794978716,0.0008936054256923273,0.00078125,0.6666666666666666,7680,6
dengue,3,climate+history,2015,208,0.07384931136486916,0.806024789729969,0.01882396754913301,0.01953125,0.37333333333333335,7680,150
dengue,3,climate+history,2016,42,0.08908459661881693,0.8208282425852147,0.018500755104050994,0.01953125,0.4533333333333333,7680,150
dengue,3,climate+history,2017,42,0.1048716711368087,0.8674911351439019,0.01743575098640496,0.01875,0.5555555555555556,7680,144
dengue,3,climate+history,2018,61,0.05341964470106374,0.8261256331507415,0.01238245621700363,0.011979166666666667,0.44565217391304346,7680,92
dengue,3,climate+history,2019,25,0.13744487017256962,0.8669821687606649,0.018843722835962785,0.020572916666666666,0.5379746835443038,7680,158
dengue,3,climate+history,2020,145,0.14300883593763733,0.9237110704004188,0.005819780572112874,0.0049479166666666664,0.6578947368421053,7680,38
dengue,3,climate+history,2021,20,0.09178038454217605,0.8729396274638889,0.010525427307918729,0.011067708333333334,0.6470588235294118,7680,85
dengue,3,climate+history,2022,93,0.023764444570046128,0.8544724633895668,0.003730499074355841,0.002994791666666667,0.4782608695652174,7680,23
dengue,3,seasonal history (baseline),2015,0,0.07546804067422977,0.7164435590969456,0.01873742926119987,0.01953125,0.5,7680,150
dengue,3,recent outbreaks (persistence),2015,0,0.04054408825841645,0.5698477202301903,0.05494791665206886,0.01953125,0.25333333333333335,7680,150
dengue,3,seasonal history (baseline),2016,0,0.09828157909005944,0.744488711819389,0.018306688023698472,0.01953125,0.52,7680,150
dengue,3,recent outbreaks (persistence),2016,0,0.04143568375840677,0.5298972996901283,0.06471354165328799,0.01953125,0.23333333333333334,7680,150
dengue,3,seasonal history (baseline),2017,0,0.10724649780024098,0.7457620090233545,0.01760370163081119,0.01875,0.4513888888888889,7680,144
dengue,3,recent outbreaks (persistence),2017,0,0.0358424647780147,0.5613020464732248,0.060546874984968614,0.01875,0.2222222222222222,7680,144
dengue,3,seasonal history (baseline),2018,0,0.08194722006661168,0.721940821892691,0.011846457762551428,0.011979166666666667,0.41304347826086957,7680,92
dengue,3,recent outbreaks (persistence),2018,0,0.015252390345971013,0.513959398134354,0.044401041656158005,0.011979166666666667,0.13043478260869565,7680,92
dengue,3,seasonal history (baseline),2019,0,0.10912807148825852,0.7596182001151054,0.0192108213948006,0.020572916666666666,0.4430379746835443,7680,158
dengue,3,recent outbreaks (persistence),2019,0,0.043238905606479236,0.5550208838882738,0.05299479164998102,0.020572916666666666,0.23417721518987342,7680,158
dengue,3,seasonal history (baseline),2020,0,0.058426809284372785,0.8849915288089368,0.005434746384201369,0.0049479166666666664,0.7368421052631579,7680,38
dengue,3,recent outbreaks (persistence),2020,0,0.018719541777931004,0.5005268667612501,0.03606770832985003,0.0049479166666666664,0.18421052631578946,7680,38
dengue,3,seasonal history (baseline),2021,0,0.10242701047718171,0.7959230143670372,0.010641023956695068,0.011067708333333334,0.5647058823529412,7680,85
dengue,3,recent outbreaks (persistence),2021,0,0.02141939027511111,0.5489803663400844,0.030078124990297127,0.011067708333333334,0.2,7680,85
dengue,3,seasonal history (baseline),2022,0,0.03477032683562633,0.8738863557642623,0.003847240589614849,0.002994791666666667,0.4782608695652174,7680,23
dengue,3,recent outbreaks (persistence),2022,0,0.031281753352091046,0.5573303200822209,0.022135416664340563,0.002994791666666667,0.21739130434782608,7680,23
dengue,3,history only,2015,43,0.07459266339902398,0.7940318725099602,0.018656175727778147,0.01953125,0.35333333333333333,7680,150
dengue,3,history only,2016,28,0.08275954192904904,0.8195188136343515,0.018470863535811746,0.01953125,0.4666666666666667,7680,150
dengue,3,history only,2017,38,0.09560950554427908,0.8704095342356688,0.017483211050902007,0.01875,0.5694444444444444,7680,144
dengue,3,history only,2018,261,0.08670334604542523,0.8408048463248607,0.012918242407389875,0.011979166666666667,0.5108695652173914,7680,92
dengue,3,history only,2019,27,0.13072313413981262,0.8576441594108758,0.018929956745093353,0.020572916666666666,0.5063291139240507,7680,158
dengue,3,history only,2020,111,0.11416075927026016,0.9261766691001254,0.005843359324219467,0.0049479166666666664,0.7105263157894737,7680,38
dengue,3,history only,2021,20,0.13495572017582477,0.8629539557758588,0.010522653998619477,0.011067708333333334,0.6235294117647059,7680,85
dengue,3,history only,2022,83,0.028138309534433494,0.8716320956669373,0.003821375697273407,0.002994791666666667,0.5652173913043478,7680,23
chikungunya,3,climate+history,2015,67,0.03888854800879143,0.887607743225868,0.005710652719967957,0.005729166666666666,0.6136363636363636,7680,44
chikungunya,3,climate+history,2016,58,0.055692205443075946,0.8522886093640809,0.006076951784847852,0.00625,0.625,7680,48
chikungunya,3,climate+history,2017,125,0.10241479218171848,0.9066416075893206,0.008561978741155319,0.008984375,0.5942028985507246,7680,69
chikungunya,3,climate+history,2018,107,0.07471952799503859,0.9174967543507155,0.00852935459289491,0.008854166666666666,0.75,7680,68
chikungunya,3,climate+history,2019,52,0.09851669630086271,0.9001201932644013,0.008115372566130997,0.00859375,0.6666666666666666,7680,66
chikungunya,3,climate+history,2020,76,0.05050461822500306,0.9552046173032861,0.0024725465466523596,0.00234375,0.9444444444444444,7680,18
chikungunya,3,climate+history,2021,68,0.09762784781955589,0.914900137290795,0.004047903521578824,0.004166666666666667,0.78125,7680,32
chikungunya,3,climate+history,2022,321,0.012560427829835352,0.9294071661237785,0.0009379388682943172,0.0006510416666666666,0.6,7680,5
chikungunya,3,seasonal history (baseline),2015,0,0.06512908071028917,0.7043638982808705,0.005714345422935376,0.005729166666666666,0.5909090909090909,7680,44
chikungunya,3,recent outbreaks (persistence),2015,0,0.014099082435259723,0.5326057193199676,0.020963541662080636,0.005729166666666666,0.20454545454545456,7680,44
chikungunya,3,seasonal history (baseline),2016,0,0.11291152391510026,0.604395964360587,0.006291253963562223,0.00625,0.375,7680,48
chikungunya,3,recent outbreaks (persistence),2016,0,0.015390128138694122,0.5042938722921034,0.020182291661614907,0.00625,0.22916666666666666,7680,48
chikungunya,3,seasonal history (baseline),2017,0,0.126015281568177,0.7464425059839019,0.008510589019566136,0.008984375,0.5072463768115942,7680,69
chikungunya,3,recent outbreaks (persistence),2017,0,0.06938735510692547,0.6612226011550787,0.02278645832578081,0.008984375,0.30434782608695654,7680,69
chikungunya,3,seasonal history (baseline),2018,0,0.064720659127845,0.7859668170999351,0.008638101653011676,0.008854166666666666,0.5588235294117647,7680,68
chikungunya,3,recent outbreaks (persistence),2018,0,0.042999397803836444,0.6391185743871906,0.03020833332758204,0.008854166666666666,0.3235294117647059,7680,68
chikungunya,3,seasonal history (baseline),2019,0,0.05759797099444169,0.7892379269447828,0.008415177038959656,0.00859375,0.6363636363636364,7680,66
chikungunya,3,recent outbreaks (persistence),2019,0,0.022542664110033007,0.5585544173014623,0.025520833326236933,0.00859375,0.18181818181818182,7680,66
chikungunya,3,seasonal history (baseline),2020,0,0.07756127237352216,0.8341671742219902,0.0025365719267992997,0.00234375,0.7222222222222222,7680,18
chikungunya,3,recent outbreaks (persistence),2020,0,0.004065772386902634,0.4265929986368514,0.011848958331590944,0.00234375,0.1111111111111111,7680,18
chikungunya,3,seasonal history (baseline),2021,0,0.06890279620809953,0.8436887094665272,0.0042031868779803605,0.004166666666666667,0.78125,7680,32
chikungunya,3,recent outbreaks (persistence),2021,0,0.09017916286484312,0.7110151346757322,0.012369791664111673,0.004166666666666667,0.40625,7680,32
chikungunya,3,seasonal history (baseline),2022,0,0.008844543704792792,0.7313876221498372,0.001162001658713658,0.0006510416666666666,0.6,7680,5
chikungunya,3,recent outbreaks (persistence),2022,0,0.018737122015743055,0.6894332247557003,0.00481770833295701,0.0006510416666666666,0.4,7680,5
chikungunya,3,history only,2015,50,0.04382636282820431,0.8833173603504929,0.005587471103664998,0.005729166666666666,0.6590909090909091,7680,44
chikungunya,3,history only,2016,190,0.05921000702532984,0.8484205756464012,0.006232639113795643,0.00625,0.5833333333333334,7680,48
chikungunya,3,history only,2017,117,0.09535320147912424,0.9045803271009352,0.008540322235063754,0.008984375,0.6666666666666666,7680,69
chikungunya,3,history only,2018,208,0.07795195529703827,0.9032893109950235,0.008785387760035514,0.008854166666666666,0.7205882352941176,7680,68
chikungunya,3,history only,2019,57,0.09035208935798558,0.889702780364719,0.008171346463848005,0.00859375,0.6363636363636364,7680,66
chikungunya,3,history only,2020,89,0.07643852597119384,0.9505786130688245,0.0024612344277675363,0.00234375,0.8888888888888888,7680,18
chikungunya,3,history only,2021,191,0.10713738995861556,0.9247474830020921,0.004021785348218004,0.004166666666666667,0.84375,7680,32
chikungunya,3,history only,2022,108,0.014919088825196831,0.9462671009771987,0.0010313770381708877,0.0006510416666666666,0.8,7680,5
malaria,3,climate+history,2015,38,0.051392248294032536,0.8285901599732786,0.009391475755160505,0.009635416666666667,0.527027027027027,7680,74
malaria,3,climate+history,2016,49,0.06975963001472821,0.8341655144612099,0.00469730865639886,0.0048177083333333336,0.5135135135135135,7680,37
malaria,3,climate+history,2017,73,0.03582958847637544,0.8543537211273664,0.003982087913953052,0.004036458333333334,0.5806451612903226,7680,31
malaria,3,climate+history,2018,67,0.021171691383290562,0.8003816544885178,0.002113120979418157,0.0020833333333333333,0.4375,7680,16
malaria,3,climate+history,2019,426,0.03204791546802505,0.7958483246567909,0.003384078355870832,0.0033854166666666668,0.5,7680,26
malaria,3,climate+history,2020,136,0.13064910092324275,0.8195078144237316,0.0012524231254029512,0.001171875,0.4444444444444444,7680,9
malaria,3,climate+history,2021,22,0.09007231726134732,0.8803170668058455,0.002031472077253591,0.0020833333333333333,0.6875,7680,16
malaria,3,climate+history,2022,263,0.038006141673587145,0.8257506626689263,0.0012453112337988694,0.001171875,0.6666666666666666,7680,9
malaria,3,seasonal history (baseline),2015,0,0.055041384856317224,0.6938227999232469,0.00942173031924725,0.009635416666666667,0.44594594594594594,7680,74
malaria,3,recent outbreaks (persistence),2015,0,0.0397671832207393,0.5739334522531998,0.0281249999914178,0.009635416666666667,0.2702702702702703,7680,74
malaria,3,seasonal history (baseline),2016,0,0.097317310108763,0.7382519245661991,0.004820357445762184,0.0048177083333333336,0.5135135135135135,7680,37
malaria,3,recent outbreaks (persistence),2016,0,0.038916494758480746,0.5827342454321389,0.025260416662277338,0.0048177083333333336,0.2972972972972973,7680,37
malaria,3,seasonal history (baseline),2017,0,0.03713019886476163,0.7386206925636495,0.004152701935904762,0.004036458333333334,0.5161290322580645,7680,31
malaria,3,recent outbreaks (persistence),2017,0,0.007865299446450522,0.5292574614434102,0.013671874996493782,0.004036458333333334,0.16129032258064516,7680,31
malaria,3,seasonal history (baseline),2018,0,0.013000520788066175,0.6215912056367432,0.0024376274881687155,0.0020833333333333333,0.25,7680,16
malaria,3,recent outbreaks (persistence),2018,0,0.009982821852523116,0.5830016962421711,0.008723958331423195,0.0020833333333333333,0.1875,7680,16
malaria,3,seasonal history (baseline),2019,0,0.06207845261787727,0.6615997668388577,0.003416180843807096,0.0033854166666666668,0.5384615384615384,7680,26
malaria,3,recent outbreaks (persistence),2019,0,0.017600218992154044,0.5363560531446604,0.01236979166406984,0.0033854166666666668,0.23076923076923078,7680,26
malaria,3,seasonal history (baseline),2020,0,0.03045694764783666,0.8384101739596459,0.0014022851662717133,0.001171875,0.7777777777777778,7680,9
malaria,3,recent outbreaks (persistence),2020,0,0.1498447765920339,0.7927403351728732,0.004296874999184559,0.001171875,0.4444444444444444,7680,9
malaria,3,seasonal history (baseline),2021,0,0.1689330912257542,0.8122390396659707,0.002074482065541232,0.0020833333333333333,0.625,7680,16
malaria,3,recent outbreaks (persistence),2021,0,0.055201123651048636,0.674851578810021,0.005338541664899075,0.0020833333333333333,0.4375,7680,16
malaria,3,seasonal history (baseline),2022,0,0.017079852856030007,0.8092237720708585,0.001375132908580288,0.001171875,0.6666666666666666,7680,9
malaria,3,recent outbreaks (persistence),2022,0,0.07474687487402877,0.6223728617158417,0.0063802083326553695,0.001171875,0.4444444444444444,7680,9
malaria,3,history only,2015,77,0.04322164255300868,0.7897197091911792,0.00943864614947289,0.009635416666666667,0.44594594594594594,7680,74
malaria,3,history only,2016,60,0.09138995086243276,0.8227277388601476,0.004690460425765908,0.0048177083333333336,0.5405405405405406,7680,37
malaria,3,history only,2017,127,0.034703664110965225,0.8455311468081428,0.003993291311433983,0.004036458333333334,0.5806451612903226,7680,31
malaria,3,history only,2018,73,0.030469666674047276,0.836410490605428,0.002083281253246563,0.0020833333333333333,0.5625,7680,16
malaria,3,history only,2019,483,0.07756091754283595,0.7974312074129163,0.003306038875373787,0.0033854166666666668,0.5384615384615384,7680,26
malaria,3,history only,2020,84,0.2283397370147919,0.7996856849027362,0.0011590069506576919,0.001171875,0.5555555555555556,7680,9
malaria,3,history only,2021,587,0.09457107815424833,0.8421760829853862,0.0020279794232167885,0.0020833333333333333,0.625,7680,16
malaria,3,history only,2022,131,0.046697245407972446,0.8882225988209563,0.0012388019960616582,0.001171875,0.7777777777777778,7680,9
diarrhoea,3,climate+history,2015,117,0.16374797858858897,0.7834624237027781,0.04155821057203421,0.04596354166666667,0.39943342776203966,7680,353
diarrhoea,3,climate+history,2016,105,0.23389980260313675,0.7823013716356108,0.056436401329323475,0.065625,0.34325396825396826,7680,504
diarrhoea,3,climate+history,2017,167,0.11457223789506842,0.7594266120205541,0.037415220910215215,0.03919270833333333,0.3089700996677741,7680,301
diarrhoea,3,climate+history,2018,101,0.10328607978755479,0.7556156430172277,0.03659491673952662,0.037890625,0.31958762886597936,7680,291
diarrhoea,3,climate+history,2019,105,0.11188105222509834,0.7284836553102398,0.03647926702378591,0.03854166666666667,0.30067567567567566,7680,296
diarrhoea,3,climate+history,2020,54,0.01595723032478872,0.668795757461986,0.012174851648605796,0.009114583333333334,0.17142857142857143,7680,70
diarrhoea,3,climate+history,2021,20,0.04752429348405826,0.7059721954536693,0.01914829485441624,0.019010416666666665,0.23972602739726026,7680,146
diarrhoea,3,climate+history,2022,29,0.03270803821440474,0.7356383804132303,0.015675566627192924,0.014973958333333334,0.26956521739130435,7680,115
diarrhoea,3,seasonal history (baseline),2015,0,0.150794157932137,0.727663332213386,0.04263474151151209,0.04596354166666667,0.3342776203966006,7680,353
diarrhoea,3,recent outbreaks (persistence),2015,0,0.07251071184323638,0.5480026337451105,0.13489583330047566,0.04596354166666667,0.22096317280453256,7680,353
diarrhoea,3,seasonal history (baseline),2016,0,0.2195882298895746,0.7464569950982993,0.05704784998052394,0.065625,0.3392857142857143,7680,504
diarrhoea,3,recent outbreaks (persistence),2016,0,0.08931010424267176,0.568375515386385,0.18124999995032734,0.065625,0.17261904761904762,7680,504
diarrhoea,3,seasonal history (baseline),2017,0,0.1140160155964153,0.7315579499873709,0.03784835251007763,0.03919270833333333,0.3222591362126246,7680,301
diarrhoea,3,recent outbreaks (persistence),2017,0,0.05051007340300122,0.542902796343579,0.13463541663581952,0.03919270833333333,0.1893687707641196,7680,301
diarrhoea,3,seasonal history (baseline),2018,0,0.0971154197802524,0.7285762852647593,0.03713896882606878,0.037890625,0.29553264604810997,7680,291
diarrhoea,3,recent outbreaks (persistence),2018,0,0.05525288038544736,0.5366280051288277,0.12825520830288728,0.037890625,0.17525773195876287,7680,291
diarrhoea,3,seasonal history (baseline),2019,0,0.11464395477309344,0.7378860611695119,0.03694457662177446,0.03854166666666667,0.2939189189189189,7680,296
diarrhoea,3,recent outbreaks (persistence),2019,0,0.059133149260945046,0.5632219773945126,0.1165364583010728,0.03854166666666667,0.19256756756756757,7680,296
diarrhoea,3,seasonal history (baseline),2020,0,0.018307097346385845,0.6710869157124085,0.014215226398414178,0.009114583333333334,0.2714285714285714,7680,70
diarrhoea,3,recent outbreaks (persistence),2020,0,0.024149665598606616,0.6165233715036607,0.059244791659428274,0.009114583333333334,0.2857142857142857,7680,70
diarrhoea,3,seasonal history (baseline),2021,0,0.055891003430092456,0.7194880923375674,0.020951403159168238,0.019010416666666665,0.2808219178082192,7680,146
diarrhoea,3,recent outbreaks (persistence),2021,0,0.04581231065303091,0.5687504318323146,0.04674479165084744,0.019010416666666665,0.2054794520547945,7680,146
diarrhoea,3,seasonal history (baseline),2022,0,0.040096347794072014,0.7312175637230954,0.017368838361149722,0.014973958333333334,0.3217391304347826,7680,115
diarrhoea,3,recent outbreaks (persistence),2022,0,0.023090661151714133,0.5686922037989597,0.06966145832020414,0.014973958333333334,0.1826086956521739,7680,115
diarrhoea,3,history only,2015,74,0.172659734849141,0.7863967760980286,0.04128024274991397,0.04596354166666667,0.3909348441926346,7680,353
diarrhoea,3,history only,2016,172,0.24683862804457082,0.7812610597936684,0.056136964732934676,0.065625,0.375,7680,504
diarrhoea,3,history only,2017,269,0.11220592341993149,0.7520545194475298,0.03753593923326779,0.03919270833333333,0.3089700996677741,7680,301
diarrhoea,3,history only,2018,53,0.09978482128584251,0.7546187585428139,0.035952809193927855,0.037890625,0.31958762886597936,7680,291
diarrhoea,3,history only,2019,147,0.11274885155060649,0.7299379044537495,0.036589148348991456,0.03854166666666667,0.2702702702702703,7680,296
diarrhoea,3,history only,2020,96,0.015039951914782032,0.6570367936925099,0.013143312389388795,0.009114583333333334,0.14285714285714285,7680,70
diarrhoea,3,history only,2021,20,0.044462697735331375,0.7154975071911445,0.01915231449881838,0.019010416666666665,0.2465753424657534,7680,146
diarrhoea,3,history only,2022,49,0.04292456961376847,0.7598816057932699,0.015568965118073447,0.014973958333333334,0.3739130434782609,7680,115
cholera,3,climate+history,2015,30,0.05274359482794951,0.8536143089714519,0.004688606176953777,0.0046875,0.5833333333333334,7680,36
cholera,3,climate+history,2016,32,0.08927419598773026,0.8543851891534898,0.011550715775103188,0.012109375,0.5161290322580645,7680,93
cholera,3,climate+history,2017,85,0.03003094125618444,0.8487625272331154,0.00402080423390426,0.00390625,0.5666666666666667,7680,30
cholera,3,climate+history,2018,21,0.0771974079411999,0.9180858632054242,0.0034359756268157577,0.003515625,0.7037037037037037,7680,27
cholera,3,climate+history,2019,23,0.045856876239178654,0.8626948521761013,0.0034760552752319224,0.003515625,0.4444444444444444,7680,27
cholera,3,climate+history,2020,29,0.0016136190451278717,0.7861190724335592,0.000648413734951038,0.0005208333333333333,0.25,7680,4
cholera,3,climate+history,2021,20,0.03237390679800078,0.8813213751513569,0.002826790104329352,0.002864583333333333,0.6363636363636364,7680,22
cholera,3,climate+history,2022,69,0.004675108878262524,0.8973590478672574,0.0009796518271091583,0.00078125,0.5,7680,6
cholera,3,seasonal history (baseline),2015,0,0.042036428394888026,0.7295445956160242,0.004961628731031986,0.0046875,0.4444444444444444,7680,36
cholera,3,recent outbreaks (persistence),2015,0,0.00739782235737082,0.5573289144717716,0.019010416661919653,0.0046875,0.19444444444444445,7680,36
cholera,3,seasonal history (baseline),2016,0,0.07455198686418124,0.7510569154085015,0.011641154815089573,0.012109375,0.5268817204301075,7680,93
cholera,3,recent outbreaks (persistence),2016,0,0.023399839792388712,0.5953647367951121,0.039973958321474955,0.012109375,0.22580645161290322,7680,93
cholera,3,seasonal history (baseline),2017,0,0.036836285293103156,0.772082788671024,0.004144001082141172,0.00390625,0.5333333333333333,7680,30
cholera,3,recent outbreaks (persistence),2017,0,0.0039826776133133745,0.5040871459694989,0.015755208329388325,0.00390625,0.03333333333333333,7680,30
cholera,3,seasonal history (baseline),2018,0,0.048097030226916894,0.8233662906340289,0.0036861494716163685,0.003515625,0.5555555555555556,7680,27
cholera,3,recent outbreaks (persistence),2018,0,0.004333718187647893,0.4725718793404668,0.01302083333026737,0.003515625,0.1111111111111111,7680,27
cholera,3,seasonal history (baseline),2019,0,0.049675774568798764,0.8358765141726072,0.003639096081340437,0.003515625,0.6296296296296297,7680,27
cholera,3,recent outbreaks (persistence),2019,0,0.006889163142722036,0.5995808954125954,0.0118489583293692,0.003515625,0.1111111111111111,7680,27
cholera,3,seasonal history (baseline),2020,0,0.0014046365808406949,0.7091258467952058,0.0010252405739053462,0.0005208333333333333,0.25,7680,4
cholera,3,recent outbreaks (persistence),2020,0,0.0016082339806146179,0.7519867118290777,0.0049479166658833,0.0005208333333333333,0.0,7680,4
cholera,3,seasonal history (baseline),2021,0,0.02344951185551623,0.7608027256107694,0.0030584037412978477,0.002864583333333333,0.5,7680,22
cholera,3,recent outbreaks (persistence),2021,0,0.0029966931470053076,0.4677995678909756,0.007812499997325974,0.002864583333333333,0.13636363636363635,7680,22
cholera,3,seasonal history (baseline),2022,0,0.01138695100212802,0.9257449396229693,0.001098559694203613,0.00078125,0.8333333333333334,7680,6
cholera,3,recent outbreaks (persistence),2022,0,0.0013398371564934072,0.6666232299539571,0.006901041665625755,0.00078125,0.0,7680,6
cholera,3,history only,2015,21,0.035201608766654104,0.8537996395139252,0.004624445893907364,0.0046875,0.5555555555555556,7680,36
cholera,3,history only,2016,51,0.09786027711894553,0.8383978820591533,0.011513951664134828,0.012109375,0.5698924731182796,7680,93
cholera,3,history only,2017,100,0.027227167874088656,0.8443790849673203,0.003972488397242632,0.00390625,0.5333333333333333,7680,30
cholera,3,history only,2018,27,0.03320224668918341,0.8993979606157838,0.003502580114129411,0.003515625,0.5925925925925926,7680,27
cholera,3,history only,2019,38,0.046425701726067976,0.8692451761836317,0.0035021545960251853,0.003515625,0.4444444444444444,7680,27
cholera,3,history only,2020,30,0.0014683226691795284,0.7479155810317875,0.0007177925518666595,0.0005208333333333333,0.25,7680,4
cholera,3,history only,2021,20,0.029238094356791533,0.8067054061112562,0.002855141465360942,0.002864583333333333,0.5,7680,22
cholera,3,history only,2022,28,0.010102420529507883,0.9410129441403874,0.0008553726737351203,0.00078125,0.8333333333333334,7680,6
