disease,h,variant,year,best_iter,pr_auc,roc_auc,brier,base_rate,recall_top10,n,positives
dengue,1,full,2015,90,0.06961869337790381,0.8073802567507746,0.018762508077697963,0.01953125,0.4,7680,150
dengue,1,full,2016,95,0.08257586070804732,0.827858344400177,0.018795186794461072,0.01953125,0.5133333333333333,7680,150
dengue,1,full,2017,37,0.0925710320502652,0.8698635438782731,0.017557176105952796,0.01875,0.5416666666666666,7680,144
dengue,1,full,2018,115,0.07581553011471327,0.835796222869061,0.012591966788258174,0.011979166666666667,0.4673913043478261,7680,92
dengue,1,full,2019,26,0.12385177564517451,0.8641015889256494,0.01901309536263757,0.020572916666666666,0.5126582278481012,7680,158
dengue,1,full,2020,140,0.11487735443832463,0.9203363682695354,0.006007587262989867,0.0049479166666666664,0.6842105263157895,7680,38
dengue,1,full,2021,20,0.10841124208936186,0.8636006660728809,0.010481494439640035,0.011067708333333334,0.6235294117647059,7680,85
dengue,1,full,2022,173,0.0410194482029152,0.868151336373083,0.0037914264338923345,0.002994791666666667,0.4782608695652174,7680,23
dengue,1,seasonal history (baseline),2015,0,0.07692815261679604,0.7171580345285525,0.018729841812686145,0.01953125,0.5,7680,150
dengue,1,recent outbreaks (persistence),2015,0,0.06480560259167434,0.6113563523683045,0.05651041665378229,0.01953125,0.32666666666666666,7680,150
dengue,1,seasonal history (baseline),2016,0,0.09814175541235402,0.7477884019477645,0.01829215481849388,0.01953125,0.52,7680,150
dengue,1,recent outbreaks (persistence),2016,0,0.07797141177397991,0.598846392208942,0.05989583332117433,0.01953125,0.32666666666666666,7680,150
dengue,1,seasonal history (baseline),2017,0,0.11104155721345997,0.7481846396555791,0.017561627509571916,0.01875,0.4652777777777778,7680,144
dengue,1,recent outbreaks (persistence),2017,0,0.09617627441405419,0.6710106304552962,0.04947916665546332,0.01875,0.4305555555555556,7680,144
dengue,1,seasonal history (baseline),2018,0,0.08271174352923523,0.7223476427310858,0.011844805599319571,0.011979166666666667,0.41304347826086957,7680,92
dengue,1,recent outbreaks (persistence),2018,0,0.04193586025270614,0.6154583323783549,0.038541666657623576,0.011979166666666667,0.2826086956521739,7680,92
dengue,1,seasonal history (baseline),2019,0,0.11011939419279232,0.7603796795223463,0.01920620426800476,0.020572916666666666,0.45569620253164556,7680,158
dengue,1,recent outbreaks (persistence),2019,0,0.07677050679395299,0.6399582322234526,0.05664062498510738,0.020572916666666666,0.35443037974683544,7680,158
dengue,1,seasonal history (baseline),2020,0,0.059248589021462794,0.8862897560572459,0.0054226282808284305,0.0049479166666666664,0.7368421052631579,7680,38
dengue,1,recent outbreaks (persistence),2020,0,0.03050598764066415,0.563971266821857,0.019921874997509696,0.0049479166666666664,0.3157894736842105,7680,38
dengue,1,seasonal history (baseline),2021,0,0.10310183523931726,0.7971281415792123,0.01062949156491091,0.011067708333333334,0.5764705882352941,7680,85
dengue,1,recent outbreaks (persistence),2021,0,0.04492670037542594,0.6396344344189289,0.03268229165853267,0.011067708333333334,0.3411764705882353,7680,85
dengue,1,seasonal history (baseline),2022,0,0.03421199469076432,0.8652440790183464,0.003841686237279658,0.002994791666666667,0.4782608695652174,7680,23
dengue,1,recent outbreaks (persistence),2022,0,0.04435875754915615,0.629160018397488,0.013020833331116513,0.002994791666666667,0.30434782608695654,7680,23
dengue,1,history+mobility,2015,57,0.06829285316633053,0.8021434262948208,0.018749838314286314,0.01953125,0.38666666666666666,7680,150
dengue,1,history+mobility,2016,36,0.08323227286491061,0.826659141212926,0.01848840140155491,0.01953125,0.47333333333333333,7680,150
dengue,1,history+mobility,2017,44,0.10341647754238856,0.8762361958893606,0.017414976892682055,0.01875,0.5625,7680,144
dengue,1,history+mobility,2018,181,0.09764462499272449,0.8421907588641103,0.012956805840356715,0.011979166666666667,0.4891304347826087,7680,92
dengue,1,history+mobility,2019,29,0.14247032603376578,0.8580434102161087,0.018929496067166526,0.020572916666666666,0.4620253164556962,7680,158
dengue,1,history+mobility,2020,164,0.07665037955337693,0.9206772820562266,0.0058296081872888685,0.0049479166666666664,0.6842105263157895,7680,38
dengue,1,history+mobility,2021,20,0.10893623428256469,0.8762506292839717,0.010552523173755693,0.011067708333333334,0.6352941176470588,7680,85
dengue,1,history+mobility,2022,61,0.030698364325738588,0.8666352470884839,0.003714978797541309,0.002994791666666667,0.5652173913043478,7680,23
dengue,1,weather+satellite+history,2015,88,0.07451078626603219,0.8123346613545817,0.018709256754456317,0.01953125,0.38,7680,150
dengue,1,weather+satellite+history,2016,44,0.08178181261354954,0.8279052678176184,0.018607583197023256,0.01953125,0.4666666666666667,7680,150
dengue,1,weather+satellite+history,2017,41,0.10425926645180345,0.8705528279075254,0.017439980308044105,0.01875,0.5694444444444444,7680,144
dengue,1,weather+satellite+history,2018,83,0.06694268475085477,0.8301795168572804,0.012778511760607764,0.011979166666666667,0.44565217391304346,7680,92
dengue,1,weather+satellite+history,2019,29,0.12128940068729134,0.8656502108582758,0.018964034192489224,0.020572916666666666,0.5126582278481012,7680,158
dengue,1,weather+satellite+history,2020,79,0.11385315276032551,0.9218239920660064,0.00577964402673807,0.0049479166666666664,0.6578947368421053,7680,38
dengue,1,weather+satellite+history,2021,20,0.10485354702535639,0.8621376292452465,0.01049640024812453,0.011067708333333334,0.611764705882353,7680,85
dengue,1,weather+satellite+history,2022,120,0.04513239183538217,0.8818699570157457,0.0037334314239289594,0.002994791666666667,0.5217391304347826,7680,23
dengue,1,weather+history,2015,45,0.0813090975137704,0.8142399291722001,0.0185696579218255,0.01953125,0.41333333333333333,7680,150
dengue,1,weather+history,2016,41,0.0864154461382392,0.8349513058875608,0.018490530772093998,0.01953125,0.5,7680,150
dengue,1,weather+history,2017,48,0.09892657321003602,0.8686236619780608,0.017514572315797606,0.01875,0.5763888888888888,7680,144
dengue,1,weather+history,2018,85,0.06227996004233083,0.8298400220027045,0.012870979836972144,0.011979166666666667,0.4673913043478261,7680,92
dengue,1,weather+history,2019,23,0.13325762742419658,0.8682859393037807,0.01890070675488953,0.020572916666666666,0.5632911392405063,7680,158
dengue,1,weather+history,2020,118,0.14149944202288223,0.9219204121268888,0.005879671205077847,0.0049479166666666664,0.6578947368421053,7680,38
dengue,1,weather+history,2021,20,0.11752259898128821,0.867911551717461,0.010465462198065982,0.011067708333333334,0.6352941176470588,7680,85
dengue,1,weather+history,2022,83,0.06946179463852258,0.8738125386829898,0.003682121003592686,0.002994791666666667,0.5217391304347826,7680,23
dengue,1,history only,2015,83,0.07620761611237553,0.806684816290394,0.01866045421696233,0.01953125,0.38666666666666666,7680,150
dengue,1,history only,2016,38,0.09176983984019485,0.8268419654714475,0.018404765296935303,0.01953125,0.52,7680,150
dengue,1,history only,2017,32,0.09505609353484722,0.8714692623555083,0.017476966069499267,0.01875,0.5763888888888888,7680,144
dengue,1,history only,2018,248,0.07947504888408628,0.8411966262519768,0.013258585347363051,0.011979166666666667,0.5217391304347826,7680,92
dengue,1,history only,2019,25,0.1263616473744844,0.8590812940269723,0.01899033959721848,0.020572916666666666,0.4873417721518987,7680,158
dengue,1,history only,2020,104,0.1343009653791685,0.9246924888772572,0.005669172025479405,0.0049479166666666664,0.7105263157894737,7680,38
dengue,1,history only,2021,20,0.10234937086802758,0.8677109553498819,0.01053610643705469,0.011067708333333334,0.6352941176470588,7680,85
dengue,1,history only,2022,63,0.02921618926093326,0.8672343010941963,0.0037243875887551735,0.002994791666666667,0.5217391304347826,7680,23
dengue,1,climate only,2015,61,0.050652916364483706,0.7510159362549801,0.019028347117860427,0.01953125,0.3333333333333333,7680,150
dengue,1,climate only,2016,41,0.07662412344745718,0.7833271359008411,0.018879815868800276,0.01953125,0.3333333333333333,7680,150
dengue,1,climate only,2017,47,0.07647900650109957,0.811203445682944,0.018027579937990947,0.01875,0.4583333333333333,7680,144
dengue,1,climate only,2018,63,0.04601197532060211,0.7656031548669524,0.011707783678525463,0.011979166666666667,0.31521739130434784,7680,92
dengue,1,climate only,2019,340,0.11025588958019845,0.8280604740861406,0.019314654040545855,0.020572916666666666,0.43670886075949367,7680,158
dengue,1,climate only,2020,119,0.05177908732536225,0.7810713646193475,0.0050881526220825195,0.0049479166666666664,0.3684210526315789,7680,38
dengue,1,climate only,2021,74,0.05934017677022362,0.8009224334895249,0.01070568337704878,0.011067708333333334,0.38823529411764707,7680,85
dengue,1,climate only,2022,220,0.012376007425705327,0.7745995423340961,0.003185583766909217,0.002994791666666667,0.391304347826087,7680,23
dengue,1,full+recent reports,2015,46,0.09905912412031607,0.8385245683930944,0.018310172621480995,0.01953125,0.5333333333333333,7680,150
dengue,1,full+recent reports,2016,69,0.12337525011113108,0.8460969455511289,0.018115285768591106,0.01953125,0.5133333333333333,7680,150
dengue,1,full+recent reports,2017,54,0.19210825364083087,0.885792179022175,0.01659117482836089,0.01875,0.6041666666666666,7680,144
dengue,1,full+recent reports,2018,103,0.10870768662707088,0.8628225917352341,0.011421493551229955,0.011979166666666667,0.5543478260869565,7680,92
dengue,1,full+recent reports,2019,60,0.17217575613632366,0.890442045106506,0.018350224646197053,0.020572916666666666,0.6329113924050633,7680,158
dengue,1,full+recent reports,2020,90,0.11852518346818887,0.9400990371768206,0.004867625986162516,0.0049479166666666664,0.7368421052631579,7680,38
dengue,1,full+recent reports,2021,421,0.1419997707596337,0.8976184021995894,0.010326050426134326,0.011067708333333334,0.6941176470588235,7680,85
dengue,1,full+recent reports,2022,147,0.08839606009823353,0.9056731266076509,0.0030436666004855866,0.002994791666666667,0.5652173913043478,7680,23
dengue,1,history+recent reports,2015,77,0.1044798212559843,0.8369694555112881,0.01828697560533857,0.01953125,0.5,7680,150
dengue,1,history+recent reports,2016,61,0.1305142755321445,0.8439756529437805,0.017965417986382223,0.01953125,0.58,7680,150
dengue,1,history+recent reports,2017,62,0.17274545844831474,0.8866814291401274,0.0167366016580116,0.01875,0.5902777777777778,7680,144
dengue,1,history+recent reports,2018,117,0.10205044995040305,0.8666171987806834,0.011488777168045989,0.011979166666666667,0.5760869565217391,7680,92
dengue,1,history+recent reports,2019,62,0.17620706774146921,0.8793223422265153,0.018342791252655817,0.020572916666666666,0.5886075949367089,7680,158
dengue,1,history+recent reports,2020,106,0.12081687363261556,0.9429675339880714,0.004814619202526491,0.0049479166666666664,0.8421052631578947,7680,38
dengue,1,history+recent reports,2021,321,0.11743345774789943,0.8954761259342447,0.010631525724313758,0.011067708333333334,0.7058823529411765,7680,85
dengue,1,history+recent reports,2022,97,0.07377624107710976,0.9000459937198698,0.0031404579351333355,0.002994791666666667,0.6521739130434783,7680,23
chikungunya,1,full,2015,63,0.0564881694088254,0.8892625839325682,0.005537457826413063,0.005729166666666666,0.7727272727272727,7680,44
chikungunya,1,full,2016,140,0.08629648265541025,0.8473232223969251,0.006056754246429807,0.00625,0.625,7680,48
chikungunya,1,full,2017,43,0.15335748755886117,0.9135528478041888,0.008420285276620025,0.008984375,0.6376811594202898,7680,69
chikungunya,1,full,2018,95,0.09687866936832808,0.9216156378473618,0.008399259074996269,0.008854166666666666,0.7941176470588235,7680,68
chikungunya,1,full,2019,78,0.0926354697167628,0.9089595720801396,0.008174867149779375,0.00859375,0.6515151515151515,7680,66
chikungunya,1,full,2020,88,0.06296106399259295,0.9520940282490792,0.0024883492389217135,0.00234375,0.9444444444444444,7680,18
chikungunya,1,full,2021,173,0.0640311315184878,0.893501569037657,0.004250303743917259,0.004166666666666667,0.625,7680,32
chikungunya,1,full,2022,144,0.005052535977195317,0.8672052117263844,0.0010215798821313954,0.0006510416666666666,0.6,7680,5
chikungunya,1,seasonal history (baseline),2015,0,0.06869863188977735,0.7039174484499262,0.00569593943017477,0.005729166666666666,0.5909090909090909,7680,44
chikungunya,1,recent outbreaks (persistence),2015,0,0.06626568707310752,0.5802746559359969,0.019010416662848518,0.005729166666666666,0.3181818181818182,7680,44
chikungunya,1,seasonal history (baseline),2016,0,0.11328142893325527,0.6035961521663172,0.006286866116622467,0.00625,0.375,7680,48
chikungunya,1,recent outbreaks (persistence),2016,0,0.07267469223001145,0.5826126834381551,0.01940104166219147,0.00625,0.3125,7680,48
chikungunya,1,seasonal history (baseline),2017,0,0.12614511313740104,0.7464215599466066,0.008506727611709392,0.008984375,0.5072463768115942,7680,69
chikungunya,1,recent outbreaks (persistence),2017,0,0.1349785424181323,0.7085853998503311,0.022656249993411808,0.008984375,0.4057971014492754,7680,69
chikungunya,1,seasonal history (baseline),2018,0,0.06277398223282146,0.7852462056814318,0.00864834115864979,0.008854166666666666,0.5588235294117647,7680,68
chikungunya,1,recent outbreaks (persistence),2018,0,0.09740892696631415,0.6971306914778523,0.026041666661221097,0.008854166666666666,0.39705882352941174,7680,68
chikungunya,1,seasonal history (baseline),2019,0,0.059095858865808,0.795257539938391,0.008411083246148936,0.00859375,0.6515151515151515,7680,66
chikungunya,1,recent outbreaks (persistence),2019,0,0.043783825705587955,0.5922642500656685,0.025130208327748312,0.00859375,0.2727272727272727,7680,66
chikungunya,1,seasonal history (baseline),2020,0,0.07634532900372296,0.8315568897009774,0.002547442947702177,0.00234375,0.6666666666666666,7680,18
chikungunya,1,recent outbreaks (persistence),2020,0,0.05828722552486796,0.53025754807274,0.00794270833215141,0.00234375,0.2777777777777778,7680,18
chikungunya,1,seasonal history (baseline),2021,0,0.06950055945005401,0.8429491370292888,0.00419618557278375,0.004166666666666667,0.78125,7680,32
chikungunya,1,recent outbreaks (persistence),2021,0,0.11164431086199857,0.724245717834728,0.011718749997597073,0.004166666666666667,0.4375,7680,32
chikungunya,1,seasonal history (baseline),2022,0,0.008814131050674814,0.731257328990228,0.001156969866140351,0.0006510416666666666,0.6,7680,5
chikungunya,1,recent outbreaks (persistence),2022,0,0.0353118304565936,0.5694592833876221,0.003385416666447313,0.0006510416666666666,0.4,7680,5
chikungunya,1,history+mobility,2015,64,0.0488308453158885,0.874940473355874,0.00557576786495575,0.005729166666666666,0.7272727272727273,7680,44
chikungunya,1,history+mobility,2016,283,0.04218656442606631,0.8350885525856044,0.006240113537824231,0.00625,0.5,7680,48
chikungunya,1,history+mobility,2017,70,0.1396062185868928,0.9145772994464534,0.008407707970370866,0.008984375,0.7246376811594203,7680,69
chikungunya,1,history+mobility,2018,163,0.0752541828748243,0.9143805446508608,0.008599684887793342,0.008854166666666666,0.7352941176470589,7680,68
chikungunya,1,history+mobility,2019,45,0.08061380812424533,0.8883496111628498,0.008204288612236555,0.00859375,0.6060606060606061,7680,66
chikungunya,1,history+mobility,2020,126,0.053283739412501495,0.9527248470083238,0.0025214045484007693,0.00234375,0.8888888888888888,7680,18
chikungunya,1,history+mobility,2021,76,0.07622877458612742,0.9271337277719665,0.004066181631394457,0.004166666666666667,0.78125,7680,32
chikungunya,1,history+mobility,2022,245,0.014546037523974556,0.9425146579804561,0.0009734067028792368,0.0006510416666666666,0.8,7680,5
chikungunya,1,weather+satellite+history,2015,80,0.06722993456717842,0.9028138244678318,0.00549688956562654,0.005729166666666666,0.6818181818181818,7680,44
chikungunya,1,weather+satellite+history,2016,92,0.06329658863418287,0.8522886093640811,0.006096590717504774,0.00625,0.625,7680,48
chikungunya,1,weather+satellite+history,2017,40,0.13264291578317322,0.9124398515497212,0.008488534469442418,0.008984375,0.6521739130434783,7680,69
chikungunya,1,weather+satellite+history,2018,111,0.08897557949389909,0.9143998639918395,0.008445982249717654,0.008854166666666666,0.7941176470588235,7680,68
chikungunya,1,weather+satellite+history,2019,81,0.0999525038673516,0.9087804761563627,0.008182694565254094,0.00859375,0.696969696969697,7680,66
chikungunya,1,weather+satellite+history,2020,104,0.055593376887206,0.9518329997969779,0.0025134326156601825,0.00234375,0.8888888888888888,7680,18
chikungunya,1,weather+satellite+history,2021,691,0.07192294215961521,0.8882183250523014,0.004292830293755896,0.004166666666666667,0.65625,7680,32
chikungunya,1,weather+satellite+history,2022,252,0.006317871362707223,0.8705928338762214,0.0011224927581015888,0.0006510416666666666,0.6,7680,5
chikungunya,1,weather+history,2015,66,0.055793639875459766,0.8983612314872137,0.005551636083551245,0.005729166666666666,0.7045454545454546,7680,44
chikungunya,1,weather+history,2016,309,0.06581563475310319,0.8512240129280224,0.006238743957433566,0.00625,0.5833333333333334,7680,48
chikungunya,1,weather+history,2017,39,0.12301841051814588,0.9126702579599703,0.008495522548163666,0.008984375,0.6086956521739131,7680,69
chikungunya,1,weather+history,2018,119,0.09038803249488628,0.9171335507403172,0.008440057751081658,0.008854166666666666,0.7205882352941176,7680,68
chikungunya,1,weather+history,2019,54,0.09475254093253815,0.9102888618255047,0.008121595418900328,0.00859375,0.696969696969697,7680,66
chikungunya,1,weather+history,2020,88,0.059081650023650886,0.9556686678847994,0.002466900187113652,0.00234375,0.9444444444444444,7680,18
chikungunya,1,weather+history,2021,1362,0.05983545712983911,0.9102175405334728,0.004180047509520315,0.004166666666666667,0.6875,7680,32
chikungunya,1,weather+history,2022,219,0.011252775595500624,0.8664234527687297,0.0009972037882306748,0.0006510416666666666,0.6,7680,5
chikungunya,1,history only,2015,58,0.06615363221025854,0.8737038073241583,0.005604411763415066,0.005729166666666666,0.6818181818181818,7680,44
chikungunya,1,history only,2016,289,0.053050435486066666,0.8431876747030049,0.006188164313576089,0.00625,0.5416666666666666,7680,48
chikungunya,1,history only,2017,115,0.12279361184526855,0.9016040856197837,0.008448146183291079,0.008984375,0.6376811594202898,7680,69
chikungunya,1,history only,2018,200,0.07283719837126845,0.9009082022194059,0.00880274542785919,0.008854166666666666,0.6764705882352942,7680,68
chikungunya,1,history only,2019,55,0.0842784004329403,0.8923852393119533,0.008212626763457265,0.00859375,0.6515151515151515,7680,66
chikungunya,1,history only,2020,63,0.07587712013045511,0.9537979639780736,0.0024187054473797783,0.00234375,0.8888888888888888,7680,18
chikungunya,1,history only,2021,40,0.08917304868664448,0.9344579465219666,0.003987639631396433,0.004166666666666667,0.84375,7680,32
chikungunya,1,history only,2022,269,0.0152841824299834,0.9589837133550488,0.0011131811262241177,0.0006510416666666666,1.0,7680,5
chikungunya,1,climate only,2015,78,0.046878397220302376,0.8600439306633649,0.005572250685467438,0.005729166666666666,0.5909090909090909,7680,44
chikungunya,1,climate only,2016,120,0.0554424854728208,0.8188493623340322,0.006121634871333476,0.00625,0.4583333333333333,7680,48
chikungunya,1,climate only,2017,55,0.0758943354132349,0.8585628352556084,0.008688207451905941,0.008984375,0.5072463768115942,7680,69
chikungunya,1,climate only,2018,91,0.06291151920293724,0.8927274272820007,0.008546694328901396,0.008854166666666666,0.47058823529411764,7680,68
chikungunya,1,climate only,2019,177,0.06347505314221695,0.8955512572533849,0.008350306158144185,0.00859375,0.6818181818181818,7680,66
chikungunya,1,climate only,2020,126,0.01771158662683631,0.9267960207662636,0.002433837504218343,0.00234375,0.7222222222222222,7680,18
chikungunya,1,climate only,2021,323,0.021754017297105556,0.810867628791841,0.004228681681157329,0.004166666666666667,0.4375,7680,32
chikungunya,1,climate only,2022,140,0.002621256583673763,0.7475179153094462,0.0008003653659899191,0.0006510416666666666,0.4,7680,5
chikungunya,1,full+recent reports,2015,81,0.11184207403815312,0.9243416353159674,0.005368905391650589,0.005729166666666666,0.7954545454545454,7680,44
chikungunya,1,full+recent reports,2016,142,0.13685688572533358,0.8780900593990216,0.005871899690562351,0.00625,0.7083333333333334,7680,48
chikungunya,1,full+recent reports,2017,74,0.2286554990986229,0.9249427316298492,0.008097999176334057,0.008984375,0.6811594202898551,7680,69
chikungunya,1,full+recent reports,2018,107,0.12968673783009366,0.9364374362461748,0.008120834272361413,0.008854166666666666,0.8382352941176471,7680,68
chikungunya,1,full+recent reports,2019,65,0.10569745422020167,0.920216745866864,0.00810974882868883,0.00859375,0.7727272727272727,7680,66
chikungunya,1,full+recent reports,2020,83,0.04732258196837108,0.9554366425940427,0.0023542095543924,0.00234375,0.9444444444444444,7680,18
chikungunya,1,full+recent reports,2021,93,0.12548079051932548,0.9427056093096235,0.0038463637831273917,0.004166666666666667,0.875,7680,32
chikungunya,1,full+recent reports,2022,142,0.11293571801070777,0.9076221498371335,0.0007044127394138864,0.0006510416666666666,0.6,7680,5
chikungunya,1,history+recent reports,2015,80,0.09459838230497422,0.9120419424734512,0.005409599006423526,0.005729166666666666,0.7727272727272727,7680,44
chikungunya,1,history+recent reports,2016,92,0.08621383242481256,0.8838648126310272,0.006033299274504119,0.00625,0.6666666666666666,7680,48
chikungunya,1,history+recent reports,2017,78,0.20304568977689327,0.9281484274286456,0.0081194824716213,0.008984375,0.7391304347826086,7680,69
chikungunya,1,history+recent reports,2018,99,0.10640520357711622,0.9293936045253625,0.008276304432478966,0.008854166666666666,0.7794117647058824,7680,68
chikungunya,1,history+recent reports,2019,51,0.10276728306116296,0.9084929277009656,0.008089375806573599,0.00859375,0.7272727272727273,7680,66
chikungunya,1,history+recent reports,2020,85,0.06625508214938818,0.9473810145305838,0.0023711479998331213,0.00234375,0.9444444444444444,7680,18
chikungunya,1,history+recent reports,2021,60,0.16852951931115506,0.9599568514644351,0.0037077620559264556,0.004166666666666667,0.90625,7680,32
chikungunya,1,history+recent reports,2022,110,0.08295870219975368,0.9780586319218241,0.0007639328411432482,0.0006510416666666666,1.0,7680,5
malaria,1,full,2015,42,0.05079300690868661,0.7873016324239043,0.009403157103604771,0.009635416666666667,0.4189189189189189,7680,74
malaria,1,full,2016,73,0.06895661333412416,0.8359990240142015,0.004695940339231122,0.0048177083333333336,0.4594594594594595,7680,37
malaria,1,full,2017,199,0.05738883330366898,0.8546847785289243,0.003932924182522343,0.004036458333333334,0.6451612903225806,7680,31
malaria,1,full,2018,87,0.05120610638890998,0.8247651356993737,0.002099683838462174,0.0020833333333333333,0.5625,7680,16
malaria,1,full,2019,172,0.038529476300406505,0.8189785129947137,0.0033995280086917407,0.0033854166666666668,0.5769230769230769,7680,26
malaria,1,full,2020,74,0.12059135999168466,0.8104549602398644,0.0012441351840753348,0.001171875,0.5555555555555556,7680,9
malaria,1,full,2021,930,0.110903070289259,0.8888472077244259,0.0019905513740826803,0.0020833333333333333,0.6875,7680,16
malaria,1,full,2022,340,0.03368340154301222,0.8814872753081592,0.0012113080244361648,0.001171875,0.6666666666666666,7680,9
malaria,1,seasonal history (baseline),2015,0,0.05718260549163892,0.7053606327863493,0.009403677978695457,0.009635416666666667,0.4594594594594595,7680,74
malaria,1,recent outbreaks (persistence),2015,0,0.049747032067764256,0.5951240485818451,0.02968749999308128,0.009635416666666667,0.33783783783783783,7680,74
malaria,1,seasonal history (baseline),2016,0,0.09786442415909438,0.738598470248346,0.004817659124912484,0.0048177083333333336,0.5135135135135135,7680,37
malaria,1,recent outbreaks (persistence),2016,0,0.043518818472714875,0.6030531381833227,0.01861979166289828,0.0048177083333333336,0.35135135135135137,7680,37
malaria,1,seasonal history (baseline),2017,0,0.037247206426565774,0.7384351317271074,0.004151733123941472,0.004036458333333334,0.5161290322580645,7680,31
malaria,1,recent outbreaks (persistence),2017,0,0.027487497911788717,0.5782666087491934,0.01315104166354891,0.004036458333333334,0.25806451612903225,7680,31
malaria,1,seasonal history (baseline),2018,0,0.013093677520900654,0.621705375782881,0.0024341054777501834,0.0020833333333333333,0.25,7680,16
malaria,1,recent outbreaks (persistence),2018,0,0.012415392448469014,0.5781983950939458,0.007682291664781345,0.0020833333333333333,0.1875,7680,16
malaria,1,seasonal history (baseline),2019,0,0.06293660659544847,0.6620067938332898,0.0034136445497739603,0.0033854166666666668,0.5384615384615384,7680,26
malaria,1,recent outbreaks (persistence),2019,0,0.020633478591029868,0.5048290486623386,0.012630208330951556,0.0033854166666666668,0.19230769230769232,7680,26
malaria,1,seasonal history (baseline),2020,0,0.030897191046369923,0.8397717232288996,0.0014009938439572551,0.001171875,0.7777777777777778,7680,9
malaria,1,recent outbreaks (persistence),2020,0,0.05960593473574,0.7931893567403931,0.0033854166658512253,0.001171875,0.4444444444444444,7680,9
malaria,1,seasonal history (baseline),2021,0,0.169536823547809,0.8126304801670146,0.0020744471918629423,0.0020833333333333333,0.625,7680,16
malaria,1,recent outbreaks (persistence),2021,0,0.025520409559704034,0.6938609081419624,0.006510416664814399,0.0020833333333333333,0.5,7680,16
malaria,1,seasonal history (baseline),2022,0,0.018977366251381935,0.8108315589739132,0.0013685661339283227,0.001171875,0.6666666666666666,7680,9
malaria,1,recent outbreaks (persistence),2022,0,0.1319799473745149,0.6340908761714393,0.004296874999558112,0.001171875,0.4444444444444444,7680,9
malaria,1,history+mobility,2015,64,0.0410791255621136,0.7900750474376559,0.009457217838191916,0.009635416666666667,0.3783783783783784,7680,74
malaria,1,history+mobility,2016,85,0.055227358347284,0.8274945100798823,0.004690891339631199,0.0048177083333333336,0.4864864864864865,7680,37
malaria,1,history+mobility,2017,186,0.03602523191187913,0.8325482141878129,0.004025166678013603,0.004036458333333334,0.6129032258064516,7680,31
malaria,1,history+mobility,2018,81,0.019278754687721833,0.8459436978079332,0.00210744201483977,0.0020833333333333333,0.6875,7680,16
malaria,1,history+mobility,2019,279,0.040732810579818375,0.7915217784567146,0.003365753830952121,0.0033854166666666668,0.5,7680,26
malaria,1,history+mobility,2020,95,0.06341467628384899,0.7681889946262257,0.001185129541769708,0.001171875,0.4444444444444444,7680,9
malaria,1,history+mobility,2021,504,0.05258037414819016,0.8951510307933194,0.002069494228368847,0.0020833333333333333,0.625,7680,16
malaria,1,history+mobility,2022,270,0.025988957938627457,0.8953634902011907,0.0012318819312007322,0.001171875,0.7777777777777778,7680,9
malaria,1,weather+satellite+history,2015,62,0.04200553873961738,0.7883285599562223,0.009436826980279155,0.009635416666666667,0.4189189189189189,7680,74
malaria,1,weather+satellite+history,2016,65,0.046350145770777645,0.8192446011365284,0.004708415437021057,0.0048177083333333336,0.5135135135135135,7680,37
malaria,1,weather+satellite+history,2017,272,0.04311757802198746,0.8380180415740619,0.003990149500669849,0.004036458333333334,0.6129032258064516,7680,31
malaria,1,weather+satellite+history,2018,73,0.03279058839493331,0.8336377870563675,0.002110627530929811,0.0020833333333333333,0.5,7680,16
malaria,1,weather+satellite+history,2019,304,0.03919158078825822,0.8249733673695001,0.0033586620054447762,0.0033854166666666668,0.5769230769230769,7680,26
malaria,1,weather+satellite+history,2020,98,0.12757422826441925,0.8319790263474267,0.0012384457095891107,0.001171875,0.5555555555555556,7680,9
malaria,1,weather+satellite+history,2021,106,0.11900405887473967,0.9227149660751566,0.0020081619703331507,0.0020833333333333333,0.875,7680,16
malaria,1,weather+satellite+history,2022,307,0.04644139299738453,0.847926534277727,0.001231216843188581,0.001171875,0.6666666666666666,7680,9
malaria,1,weather+history,2015,68,0.04952073499367879,0.796773173383744,0.00940357606857271,0.009635416666666667,0.40540540540540543,7680,74
malaria,1,weather+history,2016,64,0.048493171263845634,0.8308574176688792,0.004715432842303653,0.0048177083333333336,0.43243243243243246,7680,37
malaria,1,weather+history,2017,237,0.034823632078607315,0.8294569393426929,0.0040057609611437485,0.004036458333333334,0.5483870967741935,7680,31
malaria,1,weather+history,2018,92,0.09489473945612499,0.8383432280793319,0.0020824949317066245,0.0020833333333333333,0.5,7680,16
malaria,1,weather+history,2019,177,0.04451232017578514,0.8282094832264678,0.0033572805128929146,0.0033854166666666668,0.5384615384615384,7680,26
malaria,1,weather+history,2020,54,0.07013278170789716,0.820862121409638,0.0012183287902903504,0.001171875,0.3333333333333333,7680,9
malaria,1,weather+history,2021,461,0.10541562528104335,0.9100746998956158,0.0021010440576527283,0.0020833333333333333,0.75,7680,16
malaria,1,weather+history,2022,254,0.023218619704114537,0.8471153985428526,0.0012561011563517349,0.001171875,0.6666666666666666,7680,9
malaria,1,history only,2015,76,0.04004661019333185,0.7858580707975923,0.009461610385776385,0.009635416666666667,0.43243243243243246,7680,74
malaria,1,history only,2016,55,0.07014432369640318,0.8366054789579583,0.004680559611346321,0.0048177083333333336,0.5135135135135135,7680,37
malaria,1,history only,2017,66,0.04136666955335401,0.8659618166405898,0.003954595952080644,0.004036458333333334,0.6451612903225806,7680,31
malaria,1,history only,2018,73,0.051118355430400976,0.8456908924843424,0.002078408117604202,0.0020833333333333333,0.5625,7680,16
malaria,1,history only,2019,422,0.05000557156343583,0.772823661835943,0.0033399617623685405,0.0033854166666666668,0.5384615384615384,7680,26
malaria,1,history only,2020,66,0.19104542114447384,0.7921392256550646,0.0011566037264826325,0.001171875,0.6666666666666666,7680,9
malaria,1,history only,2021,587,0.07846258736801073,0.8646920668058455,0.002038946979377026,0.0020833333333333333,0.625,7680,16
malaria,1,history only,2022,116,0.04515861677232529,0.8967250394704442,0.0012436046152810298,0.001171875,0.7777777777777778,7680,9
malaria,1,climate only,2015,31,0.02929114195189341,0.744064962938221,0.0095008985012733,0.009635416666666667,0.3108108108108108,7680,74
malaria,1,climate only,2016,63,0.012562956382943294,0.7093684028133851,0.004787365446393717,0.0048177083333333336,0.24324324324324326,7680,37
malaria,1,climate only,2017,116,0.025846537118516567,0.7376106511920175,0.004016629452782717,0.004036458333333334,0.2903225806451613,7680,31
malaria,1,climate only,2018,73,0.013443602164078455,0.7845731667536535,0.002100577568914546,0.0020833333333333333,0.375,7680,16
malaria,1,climate only,2019,184,0.023395462817004494,0.7240231352133625,0.003374734866602239,0.0033854166666666668,0.23076923076923078,7680,26
malaria,1,climate only,2020,133,0.11249369267541835,0.5991830704384479,0.0012502022090330966,0.001171875,0.1111111111111111,7680,9
malaria,1,climate only,2021,20,0.005852246026739458,0.7624690109603341,0.002086949161374785,0.0020833333333333333,0.375,7680,16
malaria,1,climate only,2022,969,0.0017114017510355488,0.5728501281884153,0.001202143673602315,0.001171875,0.1111111111111111,7680,9
malaria,1,full+recent reports,2015,80,0.11074378518419704,0.8187375187440924,0.009192742422583826,0.009635416666666667,0.5135135135135135,7680,74
malaria,1,full+recent reports,2016,78,0.08487980565114124,0.8742534239067015,0.004633550177260738,0.0048177083333333336,0.5675675675675675,7680,37
malaria,1,full+recent reports,2017,217,0.06615181234443554,0.8388699345054592,0.003928967670081936,0.004036458333333334,0.6451612903225806,7680,31
malaria,1,full+recent reports,2018,88,0.05037744219790379,0.8011482254697286,0.002064651959384677,0.0020833333333333333,0.5,7680,16
malaria,1,full+recent reports,2019,176,0.03250758440927559,0.8172951297461357,0.0033721499014729745,0.0033854166666666668,0.6153846153846154,7680,26
malaria,1,full+recent reports,2020,61,0.06451775533938656,0.8744188067613957,0.0011608585918490267,0.001171875,0.7777777777777778,7680,9
malaria,1,full+recent reports,2021,446,0.08743217854993166,0.9328679540709812,0.0019875617480142656,0.0020833333333333333,0.6875,7680,16
malaria,1,full+recent reports,2022,154,0.08645337664886839,0.9002447891771317,0.0011497363976259787,0.001171875,0.7777777777777778,7680,9
malaria,1,history+recent reports,2015,70,0.10921374666309455,0.8163052284469587,0.009201158740923738,0.009635416666666667,0.4864864864864865,7680,74
malaria,1,history+recent reports,2016,68,0.05951681291871949,0.9008684859136252,0.004692833660341373,0.0048177083333333336,0.7567567567567568,7680,37
malaria,1,history+recent reports,2017,78,0.08076346641551536,0.8764670903639101,0.0038467524636029214,0.004036458333333334,0.7096774193548387,7680,31
malaria,1,history+recent reports,2018,103,0.03189709236015842,0.8319293123695198,0.0020803065188984334,0.0020833333333333333,0.5,7680,16
malaria,1,history+recent reports,2019,206,0.046763897066098244,0.8347721653836103,0.0033162005942674747,0.0033854166666666668,0.5769230769230769,7680,26
malaria,1,history+recent reports,2020,89,0.10872732968765184,0.8412926027317892,0.001127379004051234,0.001171875,0.6666666666666666,7680,9
malaria,1,history+recent reports,2021,108,0.1381119505565427,0.8918319415448851,0.0019652746126067352,0.0020833333333333333,0.75,7680,16
malaria,1,history+recent reports,2022,98,0.12670546583226067,0.9158156983733832,0.001093888846430854,0.001171875,0.7777777777777778,7680,9
diarrhoea,1,full,2015,36,0.18721328216687957,0.7937586581664077,0.04074218438020312,0.04596354166666667,0.4192634560906516,7680,353
diarrhoea,1,full,2016,86,0.21133540145050392,0.7931717663375273,0.05648413432925679,0.065625,0.3412698412698413,7680,504
diarrhoea,1,full,2017,153,0.11372620564367815,0.7698582535785535,0.037745411140192225,0.03919270833333333,0.3222591362126246,7680,301
diarrhoea,1,full,2018,44,0.10338602166939738,0.7560855995189282,0.0358746583367036,0.037890625,0.3127147766323024,7680,291
diarrhoea,1,full,2019,53,0.11464696993724517,0.7401862774882142,0.03620145073029761,0.03854166666666667,0.3108108108108108,7680,296
diarrhoea,1,full,2020,50,0.01547853854843154,0.6564942744509105,0.01267263774034978,0.009114583333333334,0.17142857142857143,7680,70
diarrhoea,1,full,2021,20,0.0462637173490329,0.7082822710561436,0.019198047830425995,0.019010416666666665,0.2328767123287671,7680,146
diarrhoea,1,full,2022,192,0.04014850983417866,0.7763246070289377,0.016431437317007004,0.014973958333333334,0.3130434782608696,7680,115
diarrhoea,1,seasonal history (baseline),2015,0,0.15172415777973403,0.7284868608518844,0.04259891010701532,0.04596354166666667,0.3314447592067989,7680,353
diarrhoea,1,recent outbreaks (persistence),2015,0,0.11972626990857549,0.6295551669462669,0.12421874997310785,0.04596354166666667,0.3342776203966006,7680,353
diarrhoea,1,seasonal history (baseline),2016,0,0.2197634969100458,0.7451273314045053,0.057049596917752514,0.065625,0.3412698412698413,7680,504
diarrhoea,1,recent outbreaks (persistence),2016,0,0.1548833182139172,0.64583278034365,0.16718749996036802,0.065625,0.2698412698412698,7680,504
diarrhoea,1,seasonal history (baseline),2017,0,0.1154214846564731,0.7381569948660088,0.037739605669645356,0.03919270833333333,0.3222591362126246,7680,301
diarrhoea,1,recent outbreaks (persistence),2017,0,0.07993268629133111,0.6076785202147245,0.1184895833058739,0.03919270833333333,0.292358803986711,7680,301
diarrhoea,1,seasonal history (baseline),2018,0,0.09735038949908804,0.7309239749437145,0.03710339149772426,0.037890625,0.2920962199312715,7680,291
diarrhoea,1,recent outbreaks (persistence),2018,0,0.07355688851639508,0.5963280607980935,0.11927083330634201,0.037890625,0.281786941580756,7680,291
diarrhoea,1,seasonal history (baseline),2019,0,0.1152095142362921,0.7389768052180025,0.0369279621099132,0.03854166666666667,0.2939189189189189,7680,296
diarrhoea,1,recent outbreaks (persistence),2019,0,0.0850563820413271,0.6164492804017452,0.11419270830392016,0.03854166666666667,0.27702702702702703,7680,296
diarrhoea,1,seasonal history (baseline),2020,0,0.0181161622920435,0.6735686127276141,0.01417445648328891,0.009114583333333334,0.2714285714285714,7680,70
diarrhoea,1,recent outbreaks (persistence),2020,0,0.02045999015927705,0.5740792190726488,0.04062499999244477,0.009114583333333334,0.22857142857142856,7680,70
diarrhoea,1,seasonal history (baseline),2021,0,0.055554330091176246,0.717523482586703,0.02094688950931618,0.019010416666666665,0.2808219178082192,7680,146
diarrhoea,1,recent outbreaks (persistence),2021,0,0.0662500426738277,0.6553796306060925,0.050781249986145006,0.019010416666666665,0.3424657534246575,7680,146
diarrhoea,1,seasonal history (baseline),2022,0,0.04076800545525624,0.7353728555418259,0.017315569369989497,0.014973958333333334,0.33043478260869563,7680,115
diarrhoea,1,recent outbreaks (persistence),2022,0,0.043553866618948764,0.6003390902037414,0.05598958332183039,0.014973958333333334,0.25217391304347825,7680,115
diarrhoea,1,history+mobility,2015,74,0.16902071047857914,0.7899481950224073,0.04130921490499302,0.04596354166666667,0.37110481586402266,7680,353
diarrhoea,1,history+mobility,2016,123,0.24403263851678414,0.7886207994903647,0.0561353201441906,0.065625,0.36706349206349204,7680,504
diarrhoea,1,history+mobility,2017,220,0.12021389670247533,0.7663968728712486,0.03708555035203483,0.03919270833333333,0.3521594684385382,7680,301
diarrhoea,1,history+mobility,2018,60,0.10112093735090465,0.7561804744584106,0.035996609536103716,0.037890625,0.3230240549828179,7680,291
diarrhoea,1,history+mobility,2019,52,0.11717672162443886,0.7410260680507159,0.03613884303822321,0.03854166666666667,0.2905405405405405,7680,296
diarrhoea,1,history+mobility,2020,51,0.018415928625620605,0.6739844189975596,0.012367779343971864,0.009114583333333334,0.17142857142857143,7680,70
diarrhoea,1,history+mobility,2021,20,0.04012634051902841,0.7099836903753214,0.019244738200099205,0.019010416666666665,0.2671232876712329,7680,146
diarrhoea,1,history+mobility,2022,45,0.044134443448305416,0.7595224000689675,0.015461760029881774,0.014973958333333334,0.3739130434782609,7680,115
diarrhoea,1,weather+satellite+history,2015,38,0.17922659310766467,0.790167995975922,0.040855144096870695,0.04596354166666667,0.3909348441926346,7680,353
diarrhoea,1,weather+satellite+history,2016,87,0.21308616058971236,0.7882772546495372,0.05655189110006728,0.065625,0.3412698412698413,7680,504
diarrhoea,1,weather+satellite+history,2017,137,0.10846021682780116,0.7644232825577117,0.037757965831006164,0.03919270833333333,0.3089700996677741,7680,301
diarrhoea,1,weather+satellite+history,2018,47,0.10257094594846934,0.7555507653012581,0.035900612209087246,0.037890625,0.30927835051546393,7680,291
diarrhoea,1,weather+satellite+history,2019,75,0.1202951123066322,0.7389575890896313,0.03634654266651748,0.03854166666666667,0.3108108108108108,7680,296
diarrhoea,1,weather+satellite+history,2020,117,0.015837611762292727,0.6664097991364746,0.013389762990428933,0.009114583333333334,0.17142857142857143,7680,70
diarrhoea,1,weather+satellite+history,2021,20,0.041842641069621114,0.6890043674156607,0.0192407049176251,0.019010416666666665,0.23972602739726026,7680,146
diarrhoea,1,weather+satellite+history,2022,96,0.03882143704939002,0.7643886318572373,0.016155018884212138,0.014973958333333334,0.2956521739130435,7680,115
diarrhoea,1,weather+history,2015,40,0.19051515711013264,0.7891215733186001,0.040822005576013266,0.04596354166666667,0.3909348441926346,7680,353
diarrhoea,1,weather+history,2016,98,0.2250936901517526,0.7829892908017908,0.05661128985870439,0.065625,0.33134920634920634,7680,504
diarrhoea,1,weather+history,2017,123,0.11765870789957567,0.7675998917643182,0.03743387973743551,0.03919270833333333,0.31893687707641194,7680,301
diarrhoea,1,weather+history,2018,235,0.10269037812903464,0.7522289797362942,0.036737173624024407,0.037890625,0.32989690721649484,7680,291
diarrhoea,1,weather+history,2019,69,0.11799978971365703,0.740533769142924,0.036320426449270825,0.03854166666666667,0.2905405405405405,7680,296
diarrhoea,1,weather+history,2020,47,0.015130869996848428,0.6570499342969776,0.01236232138529989,0.009114583333333334,0.17142857142857143,7680,70
diarrhoea,1,weather+history,2021,20,0.04521143029102992,0.7194899105788917,0.019238364877124756,0.019010416666666665,0.2876712328767123,7680,146
diarrhoea,1,weather+history,2022,397,0.03720576938565696,0.756348170924452,0.016971455265606544,0.014973958333333334,0.30434782608695654,7680,115
diarrhoea,1,history only,2015,65,0.17659643586911128,0.7893918298999664,0.041156569617765884,0.04596354166666667,0.38526912181303113,7680,353
diarrhoea,1,history only,2016,126,0.24739365490723672,0.7829198905965211,0.05626963432447811,0.065625,0.37103174603174605,7680,504
diarrhoea,1,history only,2017,356,0.11480227459240852,0.756173238322455,0.03739942842962112,0.03919270833333333,0.31561461794019935,7680,301
diarrhoea,1,history only,2018,76,0.09889917680247487,0.7545752741955511,0.036132199147087894,0.037890625,0.31958762886597936,7680,291
diarrhoea,1,history only,2019,56,0.1097568913517919,0.7380860004099441,0.036234171472269136,0.03854166666666667,0.27702702702702703,7680,296
diarrhoea,1,history only,2020,61,0.01640819177310601,0.6667739816031537,0.012521604481665484,0.009114583333333334,0.15714285714285714,7680,70
diarrhoea,1,history only,2021,20,0.043788688826375925,0.7181503212832421,0.01920501493711728,0.019010416666666665,0.23972602739726026,7680,146
diarrhoea,1,history only,2022,49,0.04435405050804772,0.7664197247047329,0.015471091839175858,0.014973958333333334,0.3652173913043478,7680,115
diarrhoea,1,climate only,2015,53,0.12412029551558038,0.7302388890328023,0.04221293192923114,0.04596354166666667,0.3087818696883853,7680,353
diarrhoea,1,climate only,2016,90,0.15617817364144562,0.7325057566226044,0.05922674597413654,0.065625,0.25595238095238093,7680,504
diarrhoea,1,climate only,2017,69,0.07626985677808255,0.6835821688467631,0.037239385882680755,0.03919270833333333,0.22591362126245848,7680,301
diarrhoea,1,climate only,2018,183,0.07809764308627498,0.6907279279731783,0.036349056499824325,0.037890625,0.24742268041237114,7680,291
diarrhoea,1,climate only,2019,82,0.07020545670746069,0.6760632009311587,0.03684429265614548,0.03854166666666667,0.21283783783783783,7680,296
diarrhoea,1,climate only,2020,80,0.009712874144474151,0.5306673549840435,0.011737085283711108,0.009114583333333334,0.07142857142857142,7680,70
diarrhoea,1,climate only,2021,20,0.029162812770892974,0.6524649897633014,0.019257571398316953,0.019010416666666665,0.136986301369863,7680,146
diarrhoea,1,climate only,2022,293,0.02690933182343216,0.6949050260064944,0.016397746242656577,0.014973958333333334,0.1565217391304348,7680,115
diarrhoea,1,full+recent reports,2015,56,0.22805031933063366,0.8083757115500085,0.03970241117599904,0.04596354166666667,0.42209631728045327,7680,353
diarrhoea,1,full+recent reports,2016,124,0.2555298679473687,0.8079676965546531,0.0547346037141568,0.065625,0.4087301587301587,7680,504
diarrhoea,1,full+recent reports,2017,168,0.15164116581981774,0.7934157227185525,0.035918389123279874,0.03919270833333333,0.38205980066445183,7680,301
diarrhoea,1,full+recent reports,2018,181,0.13271462007212464,0.7791102125896254,0.03501564158544504,0.037890625,0.3402061855670103,7680,291
diarrhoea,1,full+recent reports,2019,120,0.1323750943096059,0.7580204459605868,0.035482986471023145,0.03854166666666667,0.3547297297297297,7680,296
diarrhoea,1,full+recent reports,2020,123,0.019736877209676682,0.6880467430073212,0.0101665065479633,0.009114583333333334,0.2714285714285714,7680,70
diarrhoea,1,full+recent reports,2021,144,0.1125558035541365,0.8087873784960234,0.017871721290954816,0.019010416666666665,0.4726027397260274,7680,146
diarrhoea,1,full+recent reports,2022,291,0.05954355266730013,0.8314836633236588,0.014996613732818641,0.014973958333333334,0.45217391304347826,7680,115
diarrhoea,1,history+recent reports,2015,91,0.23121096081398654,0.8103179632474247,0.039771505304733466,0.04596354166666667,0.43059490084985835,7680,353
diarrhoea,1,history+recent reports,2016,193,0.2638587394977339,0.808649947576578,0.05461131683250755,0.065625,0.3948412698412698,7680,504
diarrhoea,1,history+recent reports,2017,244,0.14494643056252857,0.7913518609648734,0.035800116289521906,0.03919270833333333,0.3521594684385382,7680,301
diarrhoea,1,history+recent reports,2018,122,0.12313092345570367,0.779513198545809,0.03506031729337374,0.037890625,0.35738831615120276,7680,291
diarrhoea,1,history+recent reports,2019,102,0.12154043177814643,0.7614379428860063,0.03556519262976187,0.03854166666666667,0.3344594594594595,7680,296
diarrhoea,1,history+recent reports,2020,179,0.01853860720392808,0.6863140604467806,0.010176275633457181,0.009114583333333334,0.2714285714285714,7680,70
diarrhoea,1,history+recent reports,2021,124,0.11246700086085362,0.801469411726202,0.017860829574995244,0.019010416666666665,0.4794520547945205,7680,146
diarrhoea,1,history+recent reports,2022,172,0.06476805845899554,0.812654961349464,0.01473534758964242,0.014973958333333334,0.48695652173913045,7680,115
cholera,1,full,2015,343,0.03732906169541121,0.839111285539857,0.004949689277369252,0.0046875,0.5555555555555556,7680,36
cholera,1,full,2016,35,0.08408289653318421,0.8343487941314445,0.011557132090308687,0.012109375,0.5483870967741935,7680,93
cholera,1,full,2017,105,0.03849605720090048,0.8350413943355119,0.004001603536953627,0.00390625,0.5,7680,30
cholera,1,full,2018,33,0.040088306155944255,0.9081841543621237,0.003511140614159156,0.003515625,0.6296296296296297,7680,27
cholera,1,full,2019,31,0.05907927207959725,0.8647540785264554,0.003453151158088948,0.003515625,0.5555555555555556,7680,27
cholera,1,full,2020,42,0.0016535181662191657,0.7967040125065138,0.0007697891134958284,0.0005208333333333333,0.25,7680,4
cholera,1,full,2021,20,0.044911514399324295,0.8759496901635841,0.002838514720729382,0.002864583333333333,0.7272727272727273,7680,22
cholera,1,full,2022,109,0.004043376427598081,0.8649335418295543,0.001030663664716974,0.00078125,0.5,7680,6
cholera,1,seasonal history (baseline),2015,0,0.04234914768220088,0.7297662654805512,0.004950102882201464,0.0046875,0.4444444444444444,7680,36
cholera,1,recent outbreaks (persistence),2015,0,0.0459959990430297,0.6489512471655329,0.015624999995967668,0.0046875,0.3611111111111111,7680,36
cholera,1,seasonal history (baseline),2016,0,0.07499357190806114,0.7509662113037155,0.011651464205079648,0.012109375,0.5268817204301075,7680,93
cholera,1,recent outbreaks (persistence),2016,0,0.055521188883788174,0.6358272710394548,0.03828124999032059,0.012109375,0.3225806451612903,7680,93
cholera,1,seasonal history (baseline),2017,0,0.0362194698439285,0.7716165577342048,0.0041555437852600794,0.00390625,0.5333333333333333,7680,30
cholera,1,recent outbreaks (persistence),2017,0,0.02917921365816987,0.5719825708061003,0.01210937499682968,0.00390625,0.2,7680,30
cholera,1,seasonal history (baseline),2018,0,0.04834766866122235,0.8237921705842781,0.0036791668487538994,0.003515625,0.5555555555555556,7680,27
cholera,1,recent outbreaks (persistence),2018,0,0.06679681088013793,0.5904631928413453,0.01223958333073389,0.003515625,0.2962962962962963,7680,27
cholera,1,seasonal history (baseline),2019,0,0.05026124211838258,0.836554050457095,0.003634161024740437,0.003515625,0.6296296296296297,7680,27
cholera,1,recent outbreaks (persistence),2019,0,0.011093243136249847,0.6594025097879794,0.011848958329463977,0.003515625,0.18518518518518517,7680,27
cholera,1,seasonal history (baseline),2020,0,0.001466122214373641,0.7105914538822304,0.001021154973555233,0.0005208333333333333,0.25,7680,4
cholera,1,recent outbreaks (persistence),2020,0,0.0016285766425808666,0.7537128712871288,0.0027343749992166325,0.0005208333333333333,0.0,7680,4
cholera,1,seasonal history (baseline),2021,0,0.023664031912727493,0.7612656995655167,0.003055066662834527,0.002864583333333333,0.5454545454545454,7680,22
cholera,1,recent outbreaks (persistence),2021,0,0.010996719277181842,0.5584534295686032,0.009244791664244715,0.002864583333333333,0.2727272727272727,7680,22
cholera,1,seasonal history (baseline),2022,0,0.011628372362698326,0.9268525757970637,0.0010961264324860444,0.00078125,0.8333333333333334,7680,6
cholera,1,recent outbreaks (persistence),2022,0,0.001349645028137273,0.6684910086004692,0.004427083332292422,0.00078125,0.0,7680,6
cholera,1,history+mobility,2015,20,0.041907681608990215,0.8547026716669575,0.004602079962449366,0.0046875,0.5833333333333334,7680,36
cholera,1,history+mobility,2016,78,0.08632082794495008,0.8389853328628057,0.011511769655342185,0.012109375,0.5268817204301075,7680,93
cholera,1,history+mobility,2017,84,0.028935150001935778,0.8454183006535948,0.003998290985802783,0.00390625,0.6,7680,30
cholera,1,history+mobility,2018,27,0.036709012988346876,0.8837807492583397,0.0034976859414338154,0.003515625,0.48148148148148145,7680,27
cholera,1,history+mobility,2019,32,0.047630950771248556,0.8827281482449391,0.0034743973380445214,0.003515625,0.5185185185185185,7680,27
cholera,1,history+mobility,2020,28,0.001673549841518053,0.7677175612298072,0.0007033996433395092,0.0005208333333333333,0.25,7680,4
cholera,1,history+mobility,2021,20,0.027529172965798834,0.8652567724779792,0.002855094186372402,0.002864583333333333,0.7272727272727273,7680,22
cholera,1,history+mobility,2022,29,0.010107072289983499,0.9407957605768396,0.0008645027429929859,0.00078125,0.8333333333333334,7680,6
cholera,1,weather+satellite+history,2015,30,0.04028083413107708,0.8500476045118902,0.004686771437832273,0.0046875,0.5833333333333334,7680,36
cholera,1,weather+satellite+history,2016,32,0.0838084362718046,0.83507017521482,0.011589259352362427,0.012109375,0.5268817204301075,7680,93
cholera,1,weather+satellite+history,2017,78,0.028471918333094315,0.83161220043573,0.003983194583207476,0.00390625,0.4666666666666667,7680,30
cholera,1,weather+satellite+history,2018,36,0.04613111060501963,0.9054691696792834,0.0035030749762783946,0.003515625,0.6666666666666666,7680,27
cholera,1,weather+satellite+history,2019,44,0.06066512462040315,0.8670189855346002,0.0034889604633264373,0.003515625,0.5185185185185185,7680,27
cholera,1,weather+satellite+history,2020,30,0.0017868306461226195,0.7945870244919229,0.0006896271443538945,0.0005208333333333333,0.25,7680,4
cholera,1,weather+satellite+history,2021,20,0.01974811088601838,0.8043163417934899,0.00286085133643053,0.002864583333333333,0.5909090909090909,7680,22
cholera,1,weather+satellite+history,2022,61,0.005392066241040216,0.905503431500304,0.0009725020325121227,0.00078125,0.5,7680,6
cholera,1,weather+history,2015,29,0.06562640766856805,0.8489447060875632,0.004668070670923548,0.0046875,0.5833333333333334,7680,36
cholera,1,weather+history,2016,29,0.08799685230356076,0.8250161920999559,0.011605345728727965,0.012109375,0.5268817204301075,7680,93
cholera,1,weather+history,2017,85,0.026106730857941428,0.8268453159041395,0.004038110466648233,0.00390625,0.43333333333333335,7680,30
cholera,1,weather+history,2018,33,0.042402700216981816,0.913050316748213,0.003487307377476297,0.003515625,0.7037037037037037,7680,27
cholera,1,weather+history,2019,36,0.07408100721023622,0.8758051792809404,0.0034533962606025257,0.003515625,0.5185185185185185,7680,27
cholera,1,weather+history,2020,28,0.0022151712446439866,0.801980198019802,0.0006795269275482666,0.0005208333333333333,0.25,7680,4
cholera,1,weather+history,2021,20,0.02046712963872198,0.8850548446069469,0.002860847047841228,0.002864583333333333,0.5,7680,22
cholera,1,weather+history,2022,69,0.005405456974007161,0.8767700460429155,0.0009931737708238325,0.00078125,0.5,7680,6
cholera,1,history only,2015,30,0.044758848880683266,0.856904834583406,0.004667660988293657,0.0046875,0.5555555555555556,7680,36
cholera,1,history only,2016,65,0.08900841408746189,0.8363627087080192,0.011511554132011407,0.012109375,0.5053763440860215,7680,93
cholera,1,history only,2017,98,0.025595136200076272,0.8393267973856209,0.003985840574920198,0.00390625,0.5666666666666667,7680,30
cholera,1,history only,2018,49,0.03417589779114437,0.8901036146560777,0.0035756092286051756,0.003515625,0.5925925925925926,7680,27
cholera,1,history only,2019,38,0.04437553172306646,0.8743920321732944,0.0034994532968673706,0.003515625,0.4444444444444444,7680,27
cholera,1,history only,2020,30,0.00155593877579909,0.7596892912975508,0.0007189466186829324,0.0005208333333333333,0.25,7680,4
cholera,1,history only,2021,20,0.02975407615409413,0.7999269925686745,0.0028542514207475843,0.002864583333333333,0.5,7680,22
cholera,1,history only,2022,25,0.009793187169093272,0.9404699852315177,0.0008507684959147524,0.00078125,0.8333333333333334,7680,6
cholera,1,climate only,2015,75,0.016386796819125676,0.7471437292865865,0.004671368004167885,0.0046875,0.3055555555555556,7680,36
cholera,1,climate only,2016,39,0.02354626812537248,0.7024940794312853,0.011941887234205603,0.012109375,0.22580645161290322,7680,93
cholera,1,climate only,2017,36,0.00791510872620135,0.67539651416122,0.003904120663111649,0.00390625,0.13333333333333333,7680,30
cholera,1,climate only,2018,184,0.017012393195189515,0.7907913139848328,0.003573849344619454,0.003515625,0.48148148148148145,7680,27
cholera,1,climate only,2019,168,0.034803499285878906,0.7872052112219368,0.0034967753662095103,0.003515625,0.3333333333333333,7680,27
cholera,1,climate only,2020,219,0.0016177608648654273,0.7949778530484628,0.0006114664945239632,0.0005208333333333333,0.25,7680,4
cholera,1,climate only,2021,52,0.008408708042247113,0.7807284123554691,0.002870433477628842,0.002864583333333333,0.2727272727272727,7680,22
cholera,1,climate only,2022,132,0.001194602115282995,0.5975479975675441,0.0008539347215243142,0.00078125,0.16666666666666666,7680,6
cholera,1,full+recent reports,2015,85,0.04869632569027781,0.8730340426768998,0.004715231230158849,0.0046875,0.6388888888888888,7680,36
cholera,1,full+recent reports,2016,131,0.14864085616768963,0.8788405747805741,0.011122018918172038,0.012109375,0.5698924731182796,7680,93
cholera,1,full+recent reports,2017,78,0.1029959405147298,0.8491111111111111,0.0037534646186591788,0.00390625,0.5666666666666667,7680,30
cholera,1,full+recent reports,2018,126,0.07266713582811235,0.8982921246086017,0.0033954412354833745,0.003515625,0.6666666666666666,7680,27
cholera,1,full+recent reports,2019,126,0.06297134938115731,0.8779902337984136,0.0034201550855372004,0.003515625,0.48148148148148145,7680,27
cholera,1,full+recent reports,2020,218,0.002867749972400719,0.8723944762897342,0.0005602758884093827,0.0005208333333333333,0.25,7680,4
cholera,1,full+recent reports,2021,1117,0.02711719840078426,0.8739820508559082,0.002842121513651714,0.002864583333333333,0.5909090909090909,7680,22
cholera,1,full+recent reports,2022,99,0.0076443958922481434,0.9236816957692642,0.00085337836494383,0.00078125,0.8333333333333334,7680,6
cholera,1,history+recent reports,2015,52,0.05496161219494538,0.8699997092854236,0.004619874004993204,0.0046875,0.5833333333333334,7680,36
cholera,1,history+recent reports,2016,138,0.12307516233846395,0.8893268196448084,0.011272045545468706,0.012109375,0.6021505376344086,7680,93
cholera,1,history+recent reports,2017,187,0.09398980706725389,0.86319825708061,0.003776380846553831,0.00390625,0.4666666666666667,7680,30
cholera,1,history+recent reports,2018,111,0.15787272902673694,0.8805358344101321,0.003342775451451849,0.003515625,0.6296296296296297,7680,27
cholera,1,history+recent reports,2019,98,0.08300164475751057,0.8683934162831327,0.0034027107610244043,0.003515625,0.4444444444444444,7680,27
cholera,1,history+recent reports,2020,92,0.0019533668585606,0.8323671182907765,0.0005466574503599577,0.0005208333333333333,0.25,7680,4
cholera,1,history+recent reports,2021,185,0.055651326529824977,0.9039032265723308,0.0027904132656759477,0.002864583333333333,0.7727272727272727,7680,22
cholera,1,history+recent reports,2022,118,0.0114617245119397,0.9520241508122665,0.0008372557185624021,0.00078125,0.8333333333333334,7680,6
dengue,2,full,2015,72,0.07196386520521336,0.8107569721115537,0.018692994930884235,0.01953125,0.41333333333333333,7680,150
dengue,2,full,2016,34,0.07991126836644129,0.8212974767596282,0.018551966521001145,0.01953125,0.4866666666666667,7680,150
dengue,2,full,2017,41,0.11131229754158092,0.8764241824427931,0.017339067309550423,0.01875,0.5625,7680,144
dengue,2,full,2018,78,0.07651317179221703,0.8393988792372397,0.012334484899518165,0.011979166666666667,0.45652173913043476,7680,92
dengue,2,full,2019,23,0.13418069954219078,0.8678054920755658,0.018953440509115325,0.020572916666666666,0.5,7680,158
dengue,2,full,2020,141,0.1286436373700412,0.9198508243915204,0.0056052616819834795,0.0049479166666666664,0.6578947368421053,7680,38
dengue,2,full,2021,20,0.10192212107987039,0.8593494171862293,0.010532360758907178,0.011067708333333334,0.6235294117647059,7680,85
dengue,2,full,2022,270,0.0189141866469904,0.8490554252715616,0.00372759781556553,0.002994791666666667,0.5217391304347826,7680,23
dengue,2,seasonal history (baseline),2015,0,0.07650037208678984,0.7168375387339531,0.018724746005067558,0.01953125,0.5,7680,150
dengue,2,recent outbreaks (persistence),2015,0,0.04385767251455649,0.5874510845506862,0.056901041652360804,0.01953125,0.2733333333333333,7680,150
dengue,2,seasonal history (baseline),2016,0,0.09831222212872986,0.744082337317397,0.01830932073190213,0.01953125,0.52,7680,150
dengue,2,recent outbreaks (persistence),2016,0,0.05581481210888148,0.5698486055776892,0.06249999998710976,0.01953125,0.28,7680,150
dengue,2,seasonal history (baseline),2017,0,0.10963217414841565,0.7478252535975466,0.01755804290512449,0.01875,0.4583333333333333,7680,144
dengue,2,recent outbreaks (persistence),2017,0,0.05184309993945754,0.6052660194031612,0.0555989583195814,0.01875,0.2986111111111111,7680,144
dengue,2,seasonal history (baseline),2018,0,0.082052125816382,0.7219522816346176,0.011852823614985707,0.011979166666666667,0.41304347826086957,7680,92
dengue,2,recent outbreaks (persistence),2018,0,0.02051379964963249,0.5649022484013659,0.04140624998980682,0.011979166666666667,0.18478260869565216,7680,92
dengue,2,seasonal history (baseline),2019,0,0.1096796177256289,0.7601524978207386,0.019209962269841133,0.020572916666666666,0.4430379746835443,7680,158
dengue,2,recent outbreaks (persistence),2019,0,0.052803281525903356,0.5866201757544958,0.05611979165038551,0.020572916666666666,0.2721518987341772,7680,158
dengue,2,seasonal history (baseline),2020,0,0.05895524220149669,0.8857353407071723,0.00542635398482911,0.0049479166666666664,0.7368421052631579,7680,38
dengue,2,recent outbreaks (persistence),2020,0,0.013482290265547035,0.4988705078582349,0.02799479166323496,0.0049479166666666664,0.18421052631578946,7680,38
dengue,2,seasonal history (baseline),2021,0,0.10242049726081917,0.7961212872245673,0.010639901356497457,0.011067708333333334,0.5647058823529412,7680,85
dengue,2,recent outbreaks (persistence),2021,0,0.028838287628271283,0.5787228439763001,0.032552083324498673,0.011067708333333334,0.25882352941176473,7680,85
dengue,2,seasonal history (baseline),2022,0,0.03389848596969953,0.8684068570390265,0.003846389274974556,0.002994791666666667,0.4782608695652174,7680,23
dengue,2,recent outbreaks (persistence),2022,0,0.042811142756687515,0.5579662826285694,0.017187499997682584,0.002994791666666667,0.21739130434782608,7680,23
dengue,2,history+mobility,2015,46,0.0660001599893786,0.7975267817618416,0.018767296920898364,0.01953125,0.35333333333333333,7680,150
dengue,2,history+mobility,2016,55,0.08687103036581356,0.824726427622842,0.01852804678179698,0.01953125,0.47333333333333333,7680,150
dengue,2,history+mobility,2017,37,0.09991009376143613,0.8762117760674687,0.017433509465689882,0.01875,0.5625,7680,144
dengue,2,history+mobility,2018,76,0.08849881793545226,0.8373289633517453,0.012362317709103685,0.011979166666666667,0.4673913043478261,7680,92
dengue,2,history+mobility,2019,24,0.13338637151556257,0.8574607312221703,0.019046464253705535,0.020572916666666666,0.45569620253164556,7680,158
dengue,2,history+mobility,2020,122,0.11167494891503092,0.9187178886761527,0.005757455493652075,0.0049479166666666664,0.6578947368421053,7680,38
dengue,2,history+mobility,2021,20,0.10553625200726095,0.8699345544669482,0.01056593871584169,0.011067708333333334,0.6235294117647059,7680,85
dengue,2,history+mobility,2022,95,0.04490718324086059,0.8703374576261562,0.003811358614730541,0.002994791666666667,0.5652173913043478,7680,23
dengue,2,weather+satellite+history,2015,42,0.07335019540494402,0.8059583886675521,0.018653121367077405,0.01953125,0.4066666666666667,7680,150
dengue,2,weather+satellite+history,2016,89,0.08295117693682096,0.8164732182381584,0.018851142404367586,0.01953125,0.46,7680,150
dengue,2,weather+satellite+history,2017,44,0.10945129187372,0.8746106651037981,0.017352571690254618,0.01875,0.5833333333333334,7680,144
dengue,2,weather+satellite+history,2018,85,0.07908537390361763,0.8337449290641974,0.012621332823742963,0.011979166666666667,0.4782608695652174,7680,92
dengue,2,weather+satellite+history,2019,26,0.13401936105685505,0.8701824858053507,0.018879495382137224,0.020572916666666666,0.5253164556962026,7680,158
dengue,2,weather+satellite+history,2020,172,0.15310785501021118,0.9190829074780644,0.0055317651910480915,0.0049479166666666664,0.7368421052631579,7680,38
dengue,2,weather+satellite+history,2021,20,0.1190697344602079,0.8577663323393874,0.010494596734183874,0.011067708333333334,0.6,7680,85
dengue,2,weather+satellite+history,2022,189,0.02371546726958794,0.8645115864426413,0.003627640755727761,0.002994791666666667,0.5652173913043478,7680,23
dengue,2,weather+history,2015,48,0.07533764135374602,0.8124342629482072,0.01867232300562113,0.01953125,0.37333333333333335,7680,150
dengue,2,weather+history,2016,94,0.07687128518394776,0.818535192563081,0.018893699576203106,0.01953125,0.47333333333333333,7680,150
dengue,2,weather+history,2017,36,0.10616754135099535,0.8687738669202643,0.017375423276127344,0.01875,0.5625,7680,144
dengue,2,weather+history,2018,133,0.061373280267714714,0.8332306731452407,0.012958775891312174,0.011979166666666667,0.4673913043478261,7680,92
dengue,2,weather+history,2019,25,0.13155153216061236,0.8707697925746922,0.01887524184781595,0.020572916666666666,0.5253164556962026,7680,158
dengue,2,weather+history,2020,228,0.10132056229925952,0.9136145125965922,0.005790648101924975,0.0049479166666666664,0.6842105263157895,7680,38
dengue,2,weather+history,2021,20,0.10310382620790903,0.8581923091817372,0.010525428322252702,0.011067708333333334,0.6235294117647059,7680,85
dengue,2,weather+history,2022,184,0.02379121647441707,0.8535639454662116,0.0036902850917990993,0.002994791666666667,0.4782608695652174,7680,23
dengue,2,history only,2015,55,0.0757792192482183,0.7973806994245242,0.018643136525614272,0.01953125,0.35333333333333333,7680,150
dengue,2,history only,2016,39,0.09256958625164642,0.8218003541389995,0.0184285363340992,0.01953125,0.47333333333333333,7680,150
dengue,2,history only,2017,32,0.09920067758854817,0.8715872147027601,0.017429869438348504,0.01875,0.5625,7680,144
dengue,2,history only,2018,359,0.08424308483468994,0.8399346221723086,0.01310372285855546,0.011979166666666667,0.5,7680,92
dengue,2,history only,2019,26,0.13071034835113937,0.8615234973192559,0.01895693323001042,0.020572916666666666,0.4873417721518987,7680,158
dengue,2,history only,2020,100,0.1464977829485981,0.9266518822573314,0.005660353481149936,0.0049479166666666664,0.6842105263157895,7680,38
dengue,2,history only,2021,20,0.10986630027891407,0.8668520311350347,0.010540441816751204,0.011067708333333334,0.6235294117647059,7680,85
dengue,2,history only,2022,65,0.02948837679247079,0.8726712130417749,0.0037379173368832556,0.002994791666666667,0.5652173913043478,7680,23
dengue,2,climate only,2015,48,0.06271792232712883,0.7542687029659141,0.018965648334884486,0.01953125,0.3333333333333333,7680,150
dengue,2,climate only,2016,43,0.06058982152058129,0.7673413014608234,0.01891428091929313,0.01953125,0.38,7680,150
dengue,2,climate only,2017,74,0.08429697127172525,0.8162025979004482,0.017921156763459935,0.01875,0.4513888888888889,7680,144
dengue,2,climate only,2018,144,0.043316211711576555,0.7675205129380487,0.011727377537001895,0.011979166666666667,0.2717391304347826,7680,92
dengue,2,climate only,2019,114,0.10806195661477457,0.8401923976588506,0.019304567093362614,0.020572916666666666,0.4873417721518987,7680,158
dengue,2,climate only,2020,127,0.04817225377441704,0.8127367456852023,0.00495754472725603,0.0049479166666666664,0.5,7680,38
dengue,2,climate only,2021,185,0.0577194044139845,0.7972551601285676,0.010745618955274353,0.011067708333333334,0.36470588235294116,7680,85
dengue,2,climate only,2022,231,0.014097235289607034,0.7800847192963529,0.0031380024237320473,0.002994791666666667,0.391304347826087,7680,23
dengue,2,full+recent reports,2015,48,0.07346948480599691,0.8157507746790615,0.018643618773930844,0.01953125,0.43333333333333335,7680,150
dengue,2,full+recent reports,2016,69,0.09710786515989735,0.8341088977423639,0.018352171372826,0.01953125,0.5133333333333333,7680,150
dengue,2,full+recent reports,2017,64,0.1412978608196582,0.8861096367067705,0.017053475931266614,0.01875,0.625,7680,144
dengue,2,full+recent reports,2018,172,0.08252141595390038,0.8477601934404436,0.01183546294839508,0.011979166666666667,0.5108695652173914,7680,92
dengue,2,full+recent reports,2019,51,0.1504177927972453,0.8769550247543915,0.0186235036927201,0.020572916666666666,0.5759493670886076,7680,158
dengue,2,full+recent reports,2020,110,0.1272703577989724,0.9272923869474786,0.005144701310077534,0.0049479166666666664,0.7631578947368421,7680,38
dengue,2,full+recent reports,2021,889,0.11984870986497273,0.8859621267861985,0.0104651559874028,0.011067708333333334,0.6823529411764706,7680,85
dengue,2,full+recent reports,2022,94,0.037560754714753314,0.8827216925688913,0.0032834533461632873,0.002994791666666667,0.5217391304347826,7680,23
dengue,2,history+recent reports,2015,61,0.0796077690097053,0.8104833997343956,0.01858034424655996,0.01953125,0.4266666666666667,7680,150
dengue,2,history+recent reports,2016,57,0.10730039335199532,0.8271708720672863,0.018236259445177275,0.01953125,0.52,7680,150
dengue,2,history+recent reports,2017,68,0.12746146526479304,0.8813565257136118,0.017168502542893697,0.01875,0.6180555555555556,7680,144
dengue,2,history+recent reports,2018,93,0.08762654511515144,0.8578333065939355,0.011944463712902614,0.011979166666666667,0.5543478260869565,7680,92
dengue,2,history+recent reports,2019,45,0.14908682134565535,0.8631108242825266,0.018715827846995613,0.020572916666666666,0.5316455696202531,7680,158
dengue,2,history+recent reports,2020,82,0.11842924176787997,0.939241587349688,0.005020990452897502,0.0049479166666666664,0.7894736842105263,7680,38
dengue,2,history+recent reports,2021,409,0.09321887852592635,0.8702342872632924,0.010904379851232666,0.011067708333333334,0.5764705882352941,7680,85
dengue,2,history+recent reports,2022,97,0.02114777395407182,0.8777475569385217,0.0035783648228699884,0.002994791666666667,0.4782608695652174,7680,23
chikungunya,2,full,2015,96,0.059568014097960545,0.888173246345064,0.00555142899874798,0.005729166666666666,0.6363636363636364,7680,44
chikungunya,2,full,2016,72,0.05254969560801851,0.8532849624388539,0.0060847247597561,0.00625,0.5833333333333334,7680,48
chikungunya,2,full,2017,55,0.09825111927587543,0.9202755736833986,0.008483550822517867,0.008984375,0.7101449275362319,7680,69
chikungunya,2,full,2018,115,0.0882389535263329,0.9207192204259528,0.008431966488911929,0.008854166666666666,0.6911764705882353,7680,68
chikungunya,2,full,2019,66,0.08452597059766594,0.8994674881199703,0.008205736385476142,0.00859375,0.6666666666666666,7680,66
chikungunya,2,full,2020,80,0.10950327191874648,0.9519707648133646,0.0024874530566060473,0.00234375,0.9444444444444444,7680,18
chikungunya,2,full,2021,899,0.07863652384272836,0.9143526085251046,0.004093502444482863,0.004166666666666667,0.78125,7680,32
chikungunya,2,full,2022,282,0.01443291449106677,0.8875309446254072,0.001007500321844533,0.0006510416666666666,0.6,7680,5
chikungunya,2,seasonal history (baseline),2015,0,0.06896573493941383,0.7038876851278633,0.005692418982626809,0.005729166666666666,0.5909090909090909,7680,44
chikungunya,2,recent outbreaks (persistence),2015,0,0.03542563541403221,0.5752625125005952,0.019661458329305034,0.005729166666666666,0.29545454545454547,7680,44
chikungunya,2,seasonal history (baseline),2016,0,0.1129039363994274,0.6041966937456325,0.00629397688915432,0.00625,0.375,7680,48
chikungunya,2,recent outbreaks (persistence),2016,0,0.02713457060189059,0.5111564247030048,0.02005208332846613,0.00625,0.22916666666666666,7680,48
chikungunya,2,seasonal history (baseline),2017,0,0.12664170172345046,0.7464348892430673,0.008507313512306353,0.008984375,0.5072463768115942,7680,69
chikungunya,2,recent outbreaks (persistence),2017,0,0.08380637366717669,0.6715032970966888,0.023567708325842377,0.008984375,0.3188405797101449,7680,69
chikungunya,2,seasonal history (baseline),2018,0,0.06370575720182482,0.7853408704522271,0.008640485010273896,0.008854166666666666,0.5588235294117647,7680,68
chikungunya,2,recent outbreaks (persistence),2018,0,0.07058686552079663,0.6683873759698309,0.028385416661455776,0.008854166666666666,0.38235294117647056,7680,68
chikungunya,2,seasonal history (baseline),2019,0,0.05982933586213541,0.7955819025558978,0.008401514987661788,0.00859375,0.6515151515151515,7680,66
chikungunya,2,recent outbreaks (persistence),2019,0,0.018743521710774192,0.5408657098964427,0.025390624993217356,0.00859375,0.18181818181818182,7680,66
chikungunya,2,seasonal history (baseline),2020,0,0.07774776206790908,0.8344354534644277,0.002540815355455209,0.00234375,0.7222222222222222,7680,18
chikungunya,2,recent outbreaks (persistence),2020,0,0.013532760143551082,0.47632616955248125,0.01002604166521362,0.00234375,0.2222222222222222,7680,18
chikungunya,2,seasonal history (baseline),2021,0,0.0690574780396529,0.8431779550209205,0.00420014871671728,0.004166666666666667,0.78125,7680,32
chikungunya,2,recent outbreaks (persistence),2021,0,0.08904458636079049,0.717299457374477,0.012630208330724663,0.004166666666666667,0.40625,7680,32
chikungunya,2,seasonal history (baseline),2022,0,0.008789307766168455,0.7313094462540717,0.0011591403617266056,0.0006510416666666666,0.6,7680,5
chikungunya,2,recent outbreaks (persistence),2022,0,0.00829923197505002,0.49709446254071654,0.00416666666628245,0.0006510416666666666,0.2,7680,5
chikungunya,2,history+mobility,2015,61,0.04628030661798982,0.8752217367493691,0.005586263004049294,0.005729166666666666,0.6590909090909091,7680,44
chikungunya,2,history+mobility,2016,84,0.06211872603333891,0.8476726284067085,0.006142019353105423,0.00625,0.5625,7680,48
chikungunya,2,history+mobility,2017,43,0.11527063556021463,0.9140993489590772,0.008467643616837744,0.008984375,0.6956521739130435,7680,69
chikungunya,2,history+mobility,2018,129,0.0764564021097893,0.9095835522858645,0.008538340757739935,0.008854166666666666,0.7058823529411765,7680,68
chikungunya,2,history+mobility,2019,45,0.08641286582570044,0.8895833830822011,0.008204242375904575,0.00859375,0.6363636363636364,7680,66
chikungunya,2,history+mobility,2020,94,0.06439981334113874,0.9550088459642102,0.0025180798928573314,0.00234375,0.9444444444444444,7680,18
chikungunya,2,history+mobility,2021,195,0.09647306556090497,0.9267251242154811,0.003982336492390299,0.004166666666666667,0.78125,7680,32
chikungunya,2,history+mobility,2022,405,0.017300217903096788,0.9282605863192182,0.0009507408866825538,0.0006510416666666666,0.8,7680,5
chikungunya,2,weather+satellite+history,2015,93,0.047528562264884784,0.8830301442925854,0.0056375618751053356,0.005729166666666666,0.6363636363636364,7680,44
chikungunya,2,weather+satellite+history,2016,72,0.049500184447696556,0.8486607922781271,0.006104110387508395,0.00625,0.5833333333333334,7680,48
chikungunya,2,weather+satellite+history,2017,61,0.10842933353066087,0.9174954632787403,0.008474465628731656,0.008984375,0.6956521739130435,7680,69
chikungunya,2,weather+satellite+history,2018,148,0.08221406987959383,0.9121356372291428,0.008480489283898886,0.008854166666666666,0.6617647058823529,7680,68
chikungunya,2,weather+satellite+history,2019,68,0.09082551606674807,0.898917265643034,0.008171816049196307,0.00859375,0.6666666666666666,7680,66
chikungunya,2,weather+satellite+history,2020,55,0.10556796595591618,0.9549435888511848,0.0024134458162202886,0.00234375,0.8888888888888888,7680,18
chikungunya,2,weather+satellite+history,2021,898,0.0900606495309319,0.9155702471234309,0.004174214184528966,0.004166666666666667,0.71875,7680,32
chikungunya,2,weather+satellite+history,2022,321,0.011647411531915931,0.8588403908794788,0.0010670051065667905,0.0006510416666666666,0.6,7680,5
chikungunya,2,weather+history,2015,109,0.052477246833719245,0.8889976903662079,0.005663768209487089,0.005729166666666666,0.6363636363636364,7680,44
chikungunya,2,weather+history,2016,117,0.049706600781901776,0.846400572152341,0.00614729998113052,0.00625,0.5833333333333334,7680,48
chikungunya,2,weather+history,2017,45,0.1353270103320826,0.9137118472691128,0.008450339603897211,0.008984375,0.6521739130434783,7680,69
chikungunya,2,weather+history,2018,106,0.08014062880615035,0.9131750177737937,0.008505913470371785,0.008854166666666666,0.6911764705882353,7680,68
chikungunya,2,weather+history,2019,67,0.08274085249107743,0.9010753715245441,0.008207566891689977,0.00859375,0.6212121212121212,7680,66
chikungunya,2,weather+history,2020,70,0.0729435607145478,0.953515183154964,0.0024086074079091796,0.00234375,0.9444444444444444,7680,18
chikungunya,2,weather+history,2021,28,0.09966740717716034,0.9283717965481173,0.00400278780597879,0.004166666666666667,0.84375,7680,32
chikungunya,2,weather+history,2022,145,0.01430013962808958,0.9075179153094463,0.0009820797692711343,0.0006510416666666666,0.6,7680,5
chikungunya,2,history only,2015,69,0.06970456843041993,0.8794243178246584,0.0056001427483484394,0.005729166666666666,0.6590909090909091,7680,44
chikungunya,2,history only,2016,188,0.07524570276062036,0.845587111285814,0.006183697532788329,0.00625,0.5625,7680,48
chikungunya,2,history only,2017,145,0.09338786259542081,0.9028170515977065,0.008545019579977135,0.008984375,0.5942028985507246,7680,69
chikungunya,2,history only,2018,149,0.07850858054010305,0.9037249621340918,0.00863551220126404,0.008854166666666666,0.6470588235294118,7680,68
chikungunya,2,history only,2019,52,0.08516804920601923,0.891497719511904,0.008169793471191967,0.00859375,0.6212121212121212,7680,66
chikungunya,2,history only,2020,60,0.0668931342582272,0.95243118999971,0.002425634452193692,0.00234375,0.8333333333333334,7680,18
chikungunya,2,history only,2021,39,0.08503303547492887,0.9370341919456066,0.003972755134895933,0.004166666666666667,0.875,7680,32
chikungunya,2,history only,2022,330,0.012847840228903864,0.9572377850162866,0.001129511898766848,0.0006510416666666666,1.0,7680,5
chikungunya,2,climate only,2015,106,0.04556654581040788,0.8319354493071098,0.0055970080597275195,0.005729166666666666,0.5454545454545454,7680,44
chikungunya,2,climate only,2016,72,0.030656260713250737,0.8039463770964361,0.006138809609840397,0.00625,0.4375,7680,48
chikungunya,2,climate only,2017,55,0.06859240398783478,0.8680399650391596,0.008698474481500941,0.008984375,0.5072463768115942,7680,69
chikungunya,2,climate only,2018,204,0.05856439438551354,0.8794840190411425,0.008594018777728986,0.008854166666666666,0.5882352941176471,7680,68
chikungunya,2,climate only,2019,159,0.0697163718264185,0.8881207663713574,0.008267970551575344,0.00859375,0.6363636363636364,7680,66
chikungunya,2,climate only,2020,61,0.03404922343514286,0.924294498100293,0.0023972490081774723,0.00234375,0.6111111111111112,7680,18
chikungunya,2,climate only,2021,457,0.031064114450860433,0.8513418540794979,0.004231747651986072,0.004166666666666667,0.5,7680,32
chikungunya,2,climate only,2022,112,0.024324160477334194,0.7796872964169381,0.0007777879672095359,0.0006510416666666666,0.6,7680,5
chikungunya,2,full+recent reports,2015,66,0.1065568286049922,0.8977838230391924,0.005439035926569937,0.005729166666666666,0.7045454545454546,7680,44
chikungunya,2,full+recent reports,2016,73,0.06326920232084583,0.858378646925227,0.00602533788964787,0.00625,0.6458333333333334,7680,48
chikungunya,2,full+recent reports,2017,64,0.19832545594968132,0.9281151041874937,0.008189266528438245,0.008984375,0.6956521739130435,7680,69
chikungunya,2,full+recent reports,2018,107,0.09370124549837923,0.9255857624184723,0.00837681932250586,0.008854166666666666,0.8088235294117647,7680,68
chikungunya,2,full+recent reports,2019,76,0.09007184357218671,0.9011887989429361,0.008186591971464773,0.00859375,0.7121212121212122,7680,66
chikungunya,2,full+recent reports,2020,72,0.04783201060985236,0.9592070535688391,0.0024378442188456987,0.00234375,0.9444444444444444,7680,18
chikungunya,2,full+recent reports,2021,48,0.13722277254232804,0.9394367808577406,0.0038363984666070364,0.004166666666666667,0.875,7680,32
chikungunya,2,full+recent reports,2022,111,0.029549785234782213,0.914814332247557,0.0007834920636381208,0.0006510416666666666,0.6,7680,5
chikungunya,2,history+recent reports,2015,66,0.055750081692279504,0.9087024977379875,0.00556492434829472,0.005729166666666666,0.7727272727272727,7680,44
chikungunya,2,history+recent reports,2016,56,0.047863941903854915,0.8690287058874913,0.006082516378290796,0.00625,0.6041666666666666,7680,48
chikungunya,2,history+recent reports,2017,103,0.19833057117816436,0.9183209275666988,0.008176499028265801,0.008984375,0.7246376811594203,7680,69
chikungunya,2,history+recent reports,2018,151,0.08042237484886937,0.9119405118852586,0.008546153981126703,0.008854166666666666,0.75,7680,68
chikungunya,2,history+recent reports,2019,61,0.11204311530526992,0.9012007386711878,0.008100989056797129,0.00859375,0.6818181818181818,7680,66
chikungunya,2,history+recent reports,2020,99,0.05656321285221829,0.9549145856898401,0.0024270272984892637,0.00234375,0.8888888888888888,7680,18
chikungunya,2,history+recent reports,2021,46,0.16833159068164333,0.9550229635198746,0.0037812729040919905,0.004166666666666667,0.875,7680,32
chikungunya,2,history+recent reports,2022,131,0.019996793129747937,0.9682866449511401,0.0008360825415484144,0.0006510416666666666,1.0,7680,5
malaria,2,full,2015,62,0.05217456532317093,0.787984770202756,0.009381176008185615,0.009635416666666667,0.36486486486486486,7680,74
malaria,2,full,2016,75,0.06836231847404839,0.8626795053590816,0.004660120848720735,0.0048177083333333336,0.5945945945945946,7680,37
malaria,2,full,2017,181,0.08016522754470713,0.8535629789261933,0.0038912733571182965,0.004036458333333334,0.5806451612903226,7680,31
malaria,2,full,2018,74,0.07784034027488428,0.8259720772442589,0.002084028285954161,0.0020833333333333333,0.5625,7680,16
malaria,2,full,2019,79,0.03769781760245398,0.8337470603605958,0.003391404184463175,0.0033854166666666668,0.5769230769230769,7680,26
malaria,2,full,2020,69,0.047306110618103074,0.7915815698373383,0.001245071234756669,0.001171875,0.4444444444444444,7680,9
malaria,2,full,2021,1160,0.02806484030478589,0.8755545407098121,0.002103456790216057,0.0020833333333333333,0.625,7680,16
malaria,2,full,2022,197,0.020852338661654465,0.8586885673315083,0.0012280031471068136,0.001171875,0.6666666666666666,7680,9
malaria,2,seasonal history (baseline),2015,0,0.05567263770771389,0.6938707705865212,0.009418290247217347,0.009635416666666667,0.44594594594594594,7680,74
malaria,2,recent outbreaks (persistence),2015,0,0.032360946092555146,0.5737824334984472,0.029557291658336968,0.009635416666666667,0.2702702702702703,7680,74
malaria,2,seasonal history (baseline),2016,0,0.0975585143497705,0.7384464144898529,0.004819652109619479,0.0048177083333333336,0.5135135135135135,7680,37
malaria,2,recent outbreaks (persistence),2016,0,0.03607317516711037,0.5665491476037073,0.022265624995786933,0.0048177083333333336,0.2702702702702703,7680,37
malaria,2,seasonal history (baseline),2017,0,0.03715070742646971,0.7386080406884306,0.004152678868978729,0.004036458333333334,0.5161290322580645,7680,31
malaria,2,recent outbreaks (persistence),2017,0,0.011135616159490366,0.5133624888768931,0.013932291663294138,0.004036458333333334,0.16129032258064516,7680,31
malaria,2,seasonal history (baseline),2018,0,0.013045295038010206,0.6216890657620041,0.0024355874013080683,0.0020833333333333333,0.25,7680,16
malaria,2,recent outbreaks (persistence),2018,0,0.0041195629310004445,0.5718782620041755,0.008203124997879016,0.0020833333333333333,0.125,7680,16
malaria,2,seasonal history (baseline),2019,0,0.06246533632048623,0.661790717774517,0.0034148662576018118,0.0033854166666666668,0.5384615384615384,7680,26
malaria,2,recent outbreaks (persistence),2019,0,0.014369567206320598,0.5361550521597556,0.012890624997403174,0.0033854166666666668,0.23076923076923078,7680,26
malaria,2,seasonal history (baseline),2020,0,0.030706322624924582,0.8391199177276611,0.0014014195020476442,0.001171875,0.7777777777777778,7680,9
malaria,2,recent outbreaks (persistence),2020,0,0.13527753608295845,0.7323107229247237,0.0037760416657351176,0.001171875,0.3333333333333333,7680,9
malaria,2,seasonal history (baseline),2021,0,0.16922183538876734,0.8124510699373695,0.0020746082750252807,0.0020833333333333333,0.625,7680,16
malaria,2,recent outbreaks (persistence),2021,0,0.05774934889192392,0.6966662317327766,0.005598958331732332,0.0020833333333333333,0.5,7680,16
malaria,2,seasonal history (baseline),2022,0,0.01723035546082046,0.8097017627717666,0.0013743006177404154,0.001171875,0.6666666666666666,7680,9
malaria,2,recent outbreaks (persistence),2022,0,0.14953787501145846,0.6232129665841045,0.005598958332655369,0.001171875,0.4444444444444444,7680,9
malaria,2,history+mobility,2015,61,0.038353187625306914,0.7830668888715169,0.009463708162490866,0.009635416666666667,0.3918918918918919,7680,74
malaria,2,history+mobility,2016,63,0.04760694740143966,0.8291105445364244,0.0046990387340719855,0.0048177083333333336,0.5135135135135135,7680,37
malaria,2,history+mobility,2017,99,0.049794069276529934,0.8574091489926999,0.003957046452379385,0.004036458333333334,0.6451612903225806,7680,31
malaria,2,history+mobility,2018,120,0.02689633402641456,0.846057867954071,0.002101208935676161,0.0020833333333333333,0.6875,7680,16
malaria,2,history+mobility,2019,504,0.03949227385710876,0.7783411388715804,0.0033892832446664957,0.0033854166666666668,0.5,7680,26
malaria,2,history+mobility,2020,156,0.056883391108620646,0.7685655933602747,0.0011844414063942224,0.001171875,0.4444444444444444,7680,9
malaria,2,history+mobility,2021,796,0.04938844803252723,0.8799256263048016,0.0020938039599963246,0.0020833333333333333,0.625,7680,16
malaria,2,history+mobility,2022,199,0.031210812147221968,0.9032575790495229,0.0012425429893396858,0.001171875,0.7777777777777778,7680,9
malaria,2,weather+satellite+history,2015,34,0.04853107928614409,0.799932130394923,0.009416922774630595,0.009635416666666667,0.36486486486486486,7680,74
malaria,2,weather+satellite+history,2016,82,0.08611744719680463,0.8509712119551188,0.004654299524800119,0.0048177083333333336,0.5675675675675675,7680,37
malaria,2,weather+satellite+history,2017,134,0.044593629187890484,0.8619047819871035,0.00395860692113835,0.004036458333333334,0.5806451612903226,7680,31
malaria,2,weather+satellite+history,2018,78,0.057041989058812595,0.8166753653444676,0.002079690847854064,0.0020833333333333333,0.625,7680,16
malaria,2,weather+satellite+history,2019,616,0.0206237669798568,0.7979839601214046,0.003462282303217107,0.0033854166666666668,0.46153846153846156,7680,26
malaria,2,weather+satellite+history,2020,47,0.07232484538972273,0.822868233896783,0.0012070869998675765,0.001171875,0.4444444444444444,7680,9
malaria,2,weather+satellite+history,2021,1493,0.03965389396700945,0.8499559629436325,0.00208125487428,0.0020833333333333333,0.625,7680,16
malaria,2,weather+satellite+history,2022,230,0.023351088828001403,0.8358898593548575,0.0012608049541766842,0.001171875,0.7777777777777778,7680,9
malaria,2,weather+history,2015,42,0.04456310211847585,0.8083261081223216,0.009422782275880896,0.009635416666666667,0.44594594594594594,7680,74
malaria,2,weather+history,2016,52,0.08165508817808902,0.8691401070048199,0.004668429196323725,0.0048177083333333336,0.5675675675675675,7680,37
malaria,2,weather+history,2017,89,0.04923094821095559,0.8607176143624087,0.003935809125745037,0.004036458333333334,0.6129032258064516,7680,31
malaria,2,weather+history,2018,107,0.03895054892581587,0.8339150574112736,0.002098321299852115,0.0020833333333333333,0.625,7680,16
malaria,2,weather+history,2019,310,0.03287004048129149,0.8111042994110671,0.0034158189342761484,0.0033854166666666668,0.5384615384615384,7680,26
malaria,2,weather+history,2020,89,0.13828735529079716,0.8170888917858024,0.0011959678115360394,0.001171875,0.5555555555555556,7680,9
malaria,2,weather+history,2021,1010,0.039303989633081064,0.8364186456158664,0.0021322126132082243,0.0020833333333333333,0.5625,7680,16
malaria,2,weather+history,2022,206,0.04620097952382021,0.8590651660655572,0.00124243564157355,0.001171875,0.7777777777777778,7680,9
malaria,2,history only,2015,76,0.04012533514516449,0.7820559515602903,0.009463730498046679,0.009635416666666667,0.40540540540540543,7680,74
malaria,2,history only,2016,56,0.07877735853865553,0.8318581567305889,0.004689759004668451,0.0048177083333333336,0.4864864864864865,7680,37
malaria,2,history only,2017,113,0.03996353393204369,0.8484094484204133,0.003968280117713147,0.004036458333333334,0.6451612903225806,7680,31
malaria,2,history only,2018,75,0.04599042134291638,0.8405002283402923,0.0020763114097106365,0.0020833333333333333,0.5625,7680,16
malaria,2,history only,2019,537,0.04993710015708301,0.8023255813953488,0.003342128170040244,0.0033854166666666668,0.5384615384615384,7680,26
malaria,2,history only,2020,104,0.19163432809416192,0.8003157635539333,0.00114634336236783,0.001171875,0.6666666666666666,7680,9
malaria,2,history only,2021,605,0.08812593244239972,0.8554605949895615,0.002019504988176399,0.0020833333333333333,0.625,7680,16
malaria,2,history only,2022,208,0.040562782108621125,0.9076753718912498,0.0012728102008519602,0.001171875,0.7777777777777778,7680,9
malaria,2,climate only,2015,20,0.036545896171868805,0.7465745393039633,0.00949427117102436,0.009635416666666667,0.35135135135135137,7680,74
malaria,2,climate only,2016,65,0.04246908925613894,0.7502236634122019,0.004766367220264872,0.0048177083333333336,0.2972972972972973,7680,37
malaria,2,climate only,2017,101,0.04756799599070503,0.7587898903082418,0.00400000701726522,0.004036458333333334,0.25806451612903225,7680,31
malaria,2,climate only,2018,81,0.009655796505448996,0.7823468489039667,0.002091835882410441,0.0020833333333333333,0.4375,7680,16
malaria,2,climate only,2019,456,0.0059582293476672455,0.690564008763643,0.0034660355294633487,0.0033854166666666668,0.15384615384615385,7680,26
malaria,2,climate only,2020,68,0.005652797894725545,0.6574327553991222,0.0012380470303941563,0.001171875,0.2222222222222222,7680,9
malaria,2,climate only,2021,20,0.009161109565411881,0.7932827179018789,0.002083812487349893,0.0020833333333333333,0.5,7680,16
malaria,2,climate only,2022,338,0.0014318811655974668,0.5668969712771043,0.0012354451512928072,0.001171875,0.0,7680,9
malaria,2,full+recent reports,2015,68,0.09660412471702504,0.8215438025456432,0.009231835247596866,0.009635416666666667,0.5,7680,74
malaria,2,full+recent reports,2016,62,0.06422224819330687,0.8910573533103953,0.00465371265311712,0.0048177083333333336,0.6756756756756757,7680,37
malaria,2,full+recent reports,2017,274,0.05843091025517352,0.8588936356850357,0.003950324156717758,0.004036458333333334,0.5806451612903226,7680,31
malaria,2,full+recent reports,2018,135,0.036302868887354046,0.8177762917536534,0.0020653436810875634,0.0020833333333333333,0.625,7680,16
malaria,2,full+recent reports,2019,198,0.02698857001752692,0.8226317058953588,0.0033874850957808047,0.0033854166666666668,0.5769230769230769,7680,26
malaria,2,full+recent reports,2020,66,0.04323575071006617,0.8470140065759934,0.0011963711975971265,0.001171875,0.5555555555555556,7680,9
malaria,2,full+recent reports,2021,947,0.036824229635476664,0.8461965031315241,0.002055292058397342,0.0020833333333333333,0.625,7680,16
malaria,2,full+recent reports,2022,147,0.0460459382246364,0.8557771694259766,0.0011813063534247528,0.001171875,0.7777777777777778,7680,9
malaria,2,history+recent reports,2015,76,0.09892037698025137,0.8163780727874863,0.009206330744659087,0.009635416666666667,0.47297297297297297,7680,74
malaria,2,history+recent reports,2016,72,0.07286999609350032,0.894413188538532,0.004683959229278245,0.0048177083333333336,0.7297297297297297,7680,37
malaria,2,history+recent reports,2017,129,0.10170604685397903,0.863557960349023,0.003865461700679174,0.004036458333333334,0.6451612903225806,7680,31
malaria,2,history+recent reports,2018,98,0.0160036450830791,0.8159577244258872,0.0020916072581654626,0.0020833333333333333,0.625,7680,16
malaria,2,history+recent reports,2019,290,0.033380152815861146,0.8106570722196538,0.0033724655313169855,0.0033854166666666668,0.5769230769230769,7680,26
malaria,2,history+recent reports,2020,80,0.05273710554145359,0.8173713408363388,0.001170932474822448,0.001171875,0.4444444444444444,7680,9
malaria,2,history+recent reports,2021,352,0.14253907963752072,0.8517256002087684,0.001962112284760123,0.0020833333333333333,0.625,7680,16
malaria,2,history+recent reports,2022,97,0.10143680544153331,0.899955097843248,0.0011382929646822889,0.001171875,0.7777777777777778,7680,9
diarrhoea,2,full,2015,35,0.16864480707838944,0.7878866669940161,0.041012866226161175,0.04596354166666667,0.3909348441926346,7680,353
diarrhoea,2,full,2016,121,0.2203543879707802,0.7810177443329618,0.05664548932009796,0.065625,0.3472222222222222,7680,504
diarrhoea,2,full,2017,112,0.11813690369325977,0.7634712677937164,0.037376228990291145,0.03919270833333333,0.33222591362126247,7680,301
diarrhoea,2,full,2018,62,0.10580900345712267,0.7585400235048012,0.03611766852877053,0.037890625,0.31958762886597936,7680,291
diarrhoea,2,full,2019,54,0.12219910076061008,0.7357082332874586,0.03618329520324983,0.03854166666666667,0.28716216216216217,7680,296
diarrhoea,2,full,2020,41,0.014898282824599561,0.6584325136099117,0.012188107573188877,0.009114583333333334,0.17142857142857143,7680,70
diarrhoea,2,full,2021,20,0.048672115737137936,0.7134001658236087,0.019128086995764033,0.019010416666666665,0.2945205479452055,7680,146
diarrhoea,2,full,2022,154,0.036109285459817175,0.7533641771315267,0.016326687889753767,0.014973958333333334,0.25217391304347825,7680,115
diarrhoea,2,seasonal history (baseline),2015,0,0.1505271667449339,0.7276729980424762,0.04263565779220211,0.04596354166666667,0.3342776203966006,7680,353
diarrhoea,2,recent outbreaks (persistence),2015,0,0.08902758949633592,0.5880172330133686,0.1292968749704631,0.04596354166666667,0.28611898016997167,7680,353
diarrhoea,2,seasonal history (baseline),2016,0,0.2197578996564459,0.7464191153049847,0.057040296322479166,0.065625,0.3412698412698413,7680,504
diarrhoea,2,recent outbreaks (persistence),2016,0,0.11024893767275748,0.5987498562226823,0.17656249995540937,0.065625,0.21428571428571427,7680,504
diarrhoea,2,seasonal history (baseline),2017,0,0.11489311085036494,0.7346226766359955,0.03778313762217915,0.03919270833333333,0.32558139534883723,7680,301
diarrhoea,2,recent outbreaks (persistence),2017,0,0.05820149325812428,0.568634884216185,0.12682291663707376,0.03919270833333333,0.22259136212624583,7680,301
diarrhoea,2,seasonal history (baseline),2018,0,0.0971301467557946,0.729066007378852,0.037124746825341344,0.037890625,0.29553264604810997,7680,291
diarrhoea,2,recent outbreaks (persistence),2018,0,0.05695315744286809,0.5583241365101556,0.124869791636933,0.037890625,0.20618556701030927,7680,291
diarrhoea,2,seasonal history (baseline),2019,0,0.11509082111031449,0.7383897982489531,0.036930948506808364,0.03854166666666667,0.2939189189189189,7680,296
diarrhoea,2,recent outbreaks (persistence),2019,0,0.07061628088740123,0.5923074177915727,0.11484374996934049,0.03854166666666667,0.23986486486486486,7680,296
diarrhoea,2,seasonal history (baseline),2020,0,0.018432174542317287,0.6769776609724049,0.014187953192828536,0.009114583333333334,0.2714285714285714,7680,70
diarrhoea,2,recent outbreaks (persistence),2020,0,0.027588284369423993,0.6124272573681246,0.0484374999929529,0.009114583333333334,0.3,7680,70
diarrhoea,2,seasonal history (baseline),2021,0,0.05585505712688186,0.7199081060834719,0.02094402903778849,0.019010416666666665,0.2808219178082192,7680,146
diarrhoea,2,recent outbreaks (persistence),2021,0,0.04951265992756339,0.5899302158979748,0.05026041665098959,0.019010416666666665,0.23972602739726026,7680,146
diarrhoea,2,seasonal history (baseline),2022,0,0.04027504227711926,0.7325934653294636,0.017347137566692143,0.014973958333333334,0.3217391304347826,7680,115
diarrhoea,2,recent outbreaks (persistence),2022,0,0.026293997609263223,0.5677117158539039,0.06380208332061589,0.014973958333333334,0.2,7680,115
diarrhoea,2,history+mobility,2015,74,0.16775313507833703,0.7873971894088805,0.04133702628260648,0.04596354166666667,0.37960339943342775,7680,353
diarrhoea,2,history+mobility,2016,151,0.24428223061847482,0.7883260559890993,0.05608833606648357,0.065625,0.36904761904761907,7680,504
diarrhoea,2,history+mobility,2017,322,0.11759689097256089,0.7580302186459825,0.03741069562031058,0.03919270833333333,0.33222591362126247,7680,301
diarrhoea,2,history+mobility,2018,75,0.10292823519479594,0.7553277626861514,0.036082471493702147,0.037890625,0.3230240549828179,7680,291
diarrhoea,2,history+mobility,2019,53,0.1128371064827145,0.7422966201575356,0.036179130165115335,0.03854166666666667,0.2905405405405405,7680,296
diarrhoea,2,history+mobility,2020,195,0.016003567654151105,0.6574976534634879,0.013282073062815909,0.009114583333333334,0.15714285714285714,7680,70
diarrhoea,2,history+mobility,2021,20,0.045324633270317286,0.7186426101217859,0.019204326741234814,0.019010416666666665,0.2876712328767123,7680,146
diarrhoea,2,history+mobility,2022,143,0.043117850587124515,0.7578459151125032,0.015936462441345882,0.014973958333333334,0.3826086956521739,7680,115
diarrhoea,2,weather+satellite+history,2015,59,0.18587002984254175,0.7868183995629499,0.04085861648968429,0.04596354166666667,0.37960339943342775,7680,353
diarrhoea,2,weather+satellite+history,2016,172,0.21472395635382666,0.7753609363663712,0.056849356085624456,0.065625,0.32936507936507936,7680,504
diarrhoea,2,weather+satellite+history,2017,112,0.11854625377472282,0.7627875910762292,0.037257788574731686,0.03919270833333333,0.3289036544850498,7680,301
diarrhoea,2,weather+satellite+history,2018,109,0.1034369858316087,0.757603831087262,0.03663462893990533,0.037890625,0.3161512027491409,7680,291
diarrhoea,2,weather+satellite+history,2019,52,0.11312458040693144,0.7353598265790168,0.03628748144817482,0.03854166666666667,0.28378378378378377,7680,296
diarrhoea,2,weather+satellite+history,2020,58,0.01510808640336154,0.6575061009949315,0.012539901048820013,0.009114583333333334,0.17142857142857143,7680,70
diarrhoea,2,weather+satellite+history,2021,20,0.04419683176676511,0.7130637911786204,0.01914557144413657,0.019010416666666665,0.2671232876712329,7680,146
diarrhoea,2,weather+satellite+history,2022,57,0.036281850815901025,0.7543256990143394,0.01591217015309295,0.014973958333333334,0.26956521739130435,7680,115
diarrhoea,2,weather+history,2015,38,0.1742181688507382,0.7830601318960374,0.040982767531124425,0.04596354166666667,0.38526912181303113,7680,353
diarrhoea,2,weather+history,2016,206,0.23503871807989224,0.7796276665162535,0.0562592008663068,0.065625,0.34523809523809523,7680,504
diarrhoea,2,weather+history,2017,90,0.12031576709992482,0.7578280646478581,0.037265044093353704,0.03919270833333333,0.31561461794019935,7680,301
diarrhoea,2,weather+history,2018,31,0.10490050106831698,0.761431383792849,0.03560805857790461,0.037890625,0.31958762886597936,7680,291
diarrhoea,2,weather+history,2019,72,0.11356431621517868,0.7331865739656233,0.036419865702258615,0.03854166666666667,0.31756756756756754,7680,296
diarrhoea,2,weather+history,2020,50,0.015621491666807081,0.6615271259620801,0.012257165060335678,0.009114583333333334,0.2,7680,70
diarrhoea,2,weather+history,2021,20,0.04545070387967656,0.7123083119083897,0.019142047831474274,0.019010416666666665,0.2602739726027397,7680,146
diarrhoea,2,weather+history,2022,71,0.03480967031535329,0.7448035863099515,0.016103790049643938,0.014973958333333334,0.2608695652173913,7680,115
diarrhoea,2,history only,2015,64,0.1777239581082214,0.7854137612795393,0.041149798383615564,0.04596354166666667,0.3881019830028329,7680,353
diarrhoea,2,history only,2016,86,0.2532737881758873,0.7863072289023376,0.056270905477744805,0.065625,0.375,7680,504
diarrhoea,2,history only,2017,325,0.113759191797113,0.7547444282711242,0.03742627278785618,0.03919270833333333,0.32558139534883723,7680,301
diarrhoea,2,history only,2018,43,0.09984834922753026,0.7581400605246305,0.03575080912664831,0.037890625,0.31958762886597936,7680,291
diarrhoea,2,history only,2019,52,0.1122360006224077,0.7362279838072091,0.03616203219897303,0.03854166666666667,0.28716216216216217,7680,296
diarrhoea,2,history only,2020,58,0.016002814711615434,0.6599202177585883,0.012474811278196303,0.009114583333333334,0.17142857142857143,7680,70
diarrhoea,2,history only,2021,20,0.04247934396085146,0.714792484117662,0.019158715274624386,0.019010416666666665,0.2808219178082192,7680,146
diarrhoea,2,history only,2022,106,0.042885847180232715,0.7612063565044973,0.015901277104325644,0.014973958333333334,0.3739130434782609,7680,115
diarrhoea,2,climate only,2015,48,0.12595816867772006,0.7283646847721823,0.04219942345895354,0.04596354166666667,0.29745042492917845,7680,353
diarrhoea,2,climate only,2016,172,0.14414062945122433,0.7170951783723523,0.0597061000471715,0.065625,0.25992063492063494,7680,504
diarrhoea,2,climate only,2017,54,0.08253923095944293,0.6854305947694792,0.03703781625788592,0.03919270833333333,0.26578073089701,7680,301
diarrhoea,2,climate only,2018,168,0.07966755132380464,0.6955507373968641,0.03620084151549542,0.037890625,0.25773195876288657,7680,291
diarrhoea,2,climate only,2019,155,0.0685857342179179,0.6814892407982197,0.037005023324431764,0.03854166666666667,0.19594594594594594,7680,296
diarrhoea,2,climate only,2020,87,0.00958461141183653,0.5347334334522245,0.011615185462287101,0.009114583333333334,0.08571428571428572,7680,70
diarrhoea,2,climate only,2021,20,0.026385377189959997,0.6259013931365026,0.0192680596635179,0.019010416666666665,0.15753424657534246,7680,146
diarrhoea,2,climate only,2022,140,0.024063949122165706,0.6919037903388028,0.016064359431578867,0.014973958333333334,0.1391304347826087,7680,115
diarrhoea,2,full+recent reports,2015,63,0.1974112570380879,0.8036458347429334,0.04027500743623598,0.04596354166666667,0.42492917847025496,7680,353
diarrhoea,2,full+recent reports,2016,90,0.22880247260403985,0.7996281973863496,0.05604828308467065,0.065625,0.37103174603174605,7680,504
diarrhoea,2,full+recent reports,2017,99,0.1416956347380143,0.7821227880683218,0.03636810160252833,0.03919270833333333,0.3488372093023256,7680,301
diarrhoea,2,full+recent reports,2018,82,0.11537272856864988,0.7688162816557909,0.035472048583807564,0.037890625,0.3127147766323024,7680,291
diarrhoea,2,full+recent reports,2019,115,0.1281874667361524,0.7425116577845451,0.03579087946981901,0.03854166666666667,0.32432432432432434,7680,296
diarrhoea,2,full+recent reports,2020,61,0.019124317598430966,0.6812905950816595,0.012001612605346663,0.009114583333333334,0.2,7680,70
diarrhoea,2,full+recent reports,2021,75,0.06765143294855612,0.7587234673134757,0.018734736648009738,0.019010416666666665,0.3424657534246575,7680,146
diarrhoea,2,full+recent reports,2022,153,0.02695607445858917,0.7061685680623007,0.01593741827784533,0.014973958333333334,0.19130434782608696,7680,115
diarrhoea,2,history+recent reports,2015,102,0.1806793348724963,0.7990162892418162,0.04083379441606212,0.04596354166666667,0.38526912181303113,7680,353
diarrhoea,2,history+recent reports,2016,145,0.23594340898942004,0.7954368120808338,0.05575208418306235,0.065625,0.373015873015873,7680,504
diarrhoea,2,history+recent reports,2017,242,0.12565066393873273,0.776497143955708,0.03648657890201532,0.03919270833333333,0.34219269102990035,7680,301
diarrhoea,2,history+recent reports,2018,92,0.11462420300058701,0.7687451254511792,0.035335670536099796,0.037890625,0.32646048109965636,7680,291
diarrhoea,2,history+recent reports,2019,118,0.1228513309353927,0.7409668183215719,0.035710886435955325,0.03854166666666667,0.3344594594594595,7680,296
diarrhoea,2,history+recent reports,2020,88,0.019611823874462836,0.6686052186972029,0.01176558443160575,0.009114583333333334,0.2,7680,70
diarrhoea,2,history+recent reports,2021,26,0.05686814224933241,0.7472508191177166,0.018730783560500213,0.019010416666666665,0.2945205479452055,7680,146
diarrhoea,2,history+recent reports,2022,150,0.027303118592864203,0.690101439696543,0.01586164696558137,0.014973958333333334,0.20869565217391303,7680,115
cholera,2,full,2015,30,0.038929269430873256,0.8638002209430781,0.004678425684561323,0.0046875,0.5833333333333334,7680,36
cholera,2,full,2016,35,0.095879125123877,0.8390916267356018,0.01153379880114247,0.012109375,0.5268817204301075,7680,93
cholera,2,full,2017,76,0.04129660419317635,0.8440000000000001,0.003967531424628414,0.00390625,0.5666666666666667,7680,30
cholera,2,full,2018,26,0.04053946765433144,0.9056070967086256,0.003489833708601114,0.003515625,0.7037037037037037,7680,27
cholera,2,full,2019,36,0.03361341897831733,0.8614244716426868,0.0035235720533526925,0.003515625,0.48148148148148145,7680,27
cholera,2,full,2020,28,0.0017773226278767309,0.7960200625325691,0.0006789538623578303,0.0005208333333333333,0.25,7680,4
cholera,2,full,2021,20,0.03156604382555721,0.8716107932287092,0.0028424235830347357,0.002864583333333333,0.6363636363636364,7680,22
cholera,2,full,2022,131,0.003122226152657259,0.8588524020502127,0.0010366772870984678,0.00078125,0.3333333333333333,7680,6
cholera,2,seasonal history (baseline),2015,0,0.04215415079713141,0.7296354439211582,0.004953012475840419,0.0046875,0.4444444444444444,7680,36
cholera,2,recent outbreaks (persistence),2015,0,0.014370968190319822,0.6020735217163788,0.017447916662283854,0.0046875,0.2777777777777778,7680,36
cholera,2,seasonal history (baseline),2016,0,0.07469130186413654,0.7509407007742446,0.01165066865150555,0.012109375,0.5268817204301075,7680,93
cholera,2,recent outbreaks (persistence),2016,0,0.03029294800603735,0.6152331874981398,0.03984374998895541,0.012109375,0.25806451612903225,7680,93
cholera,2,seasonal history (baseline),2017,0,0.0363249987835873,0.771760348583878,0.004152438973415085,0.00390625,0.5333333333333333,7680,30
cholera,2,recent outbreaks (persistence),2017,0,0.010423644093823445,0.5457734204793028,0.013281249996511797,0.00390625,0.13333333333333333,7680,30
cholera,2,seasonal history (baseline),2018,0,0.04819528591627892,0.8235550328847074,0.0036807771498770098,0.003515625,0.5555555555555556,7680,27
cholera,2,recent outbreaks (persistence),2018,0,0.018236644034604045,0.5530631899376183,0.012499999997143725,0.003515625,0.2222222222222222,7680,27
cholera,2,seasonal history (baseline),2019,0,0.04987413801825291,0.8361233309619562,0.0036356702982932583,0.003515625,0.6296296296296297,7680,27
cholera,2,recent outbreaks (persistence),2019,0,0.005118237455029009,0.5877724058829508,0.012239583329192191,0.003515625,0.07407407407407407,7680,27
cholera,2,seasonal history (baseline),2020,0,0.0014332160445680005,0.7099075039082856,0.0010222968372762859,0.0005208333333333333,0.25,7680,4
cholera,2,recent outbreaks (persistence),2020,0,0.001622691960839713,0.7532569046378322,0.0035156249992166332,0.0005208333333333333,0.0,7680,4
cholera,2,seasonal history (baseline),2021,0,0.023555051235551974,0.7610104703340536,0.0030561552196585354,0.002864583333333333,0.5,7680,22
cholera,2,recent outbreaks (persistence),2021,0,0.005330791887329514,0.48981457299556025,0.008854166664121277,0.002864583333333333,0.18181818181818182,7680,22
cholera,2,seasonal history (baseline),2022,0,0.01144652372123181,0.9262010251064199,0.0010969735856622342,0.00078125,0.8333333333333334,7680,6
cholera,2,recent outbreaks (persistence),2022,0,0.0013452237069576172,0.6676005559899226,0.005598958332292421,0.00078125,0.0,7680,6
cholera,2,history+mobility,2015,20,0.035691827507006516,0.8590161491947206,0.004603955351703033,0.0046875,0.6111111111111112,7680,36
cholera,2,history+mobility,2016,77,0.09038262514397204,0.837587214122629,0.011496433824244938,0.012109375,0.5053763440860215,7680,93
cholera,2,history+mobility,2017,97,0.03457036318237656,0.8476514161220045,0.00396935769741437,0.00390625,0.6,7680,30
cholera,2,history+mobility,2018,34,0.03642163372782854,0.8891623231751287,0.003534362298304432,0.003515625,0.5555555555555556,7680,27
cholera,2,history+mobility,2019,32,0.043497591455102395,0.8828442973222799,0.0034810382235173644,0.003515625,0.5925925925925926,7680,27
cholera,2,history+mobility,2020,31,0.001997953233322385,0.7746221990620115,0.0007324989775791789,0.0005208333333333333,0.25,7680,4
cholera,2,history+mobility,2021,20,0.026987907487545017,0.8560388423276906,0.0028554727285627383,0.002864583333333333,0.6818181818181818,7680,22
cholera,2,history+mobility,2022,29,0.01065714935984453,0.9434562592303015,0.0008699247227976552,0.00078125,0.6666666666666666,7680,6
cholera,2,weather+satellite+history,2015,21,0.04193795408470832,0.868342636199779,0.0046239668956739215,0.0046875,0.5555555555555556,7680,36
cholera,2,weather+satellite+history,2016,104,0.09379843432792638,0.8273872540891253,0.01145426797863729,0.012109375,0.5376344086021505,7680,93
cholera,2,weather+satellite+history,2017,75,0.03143892760122537,0.8461002178649237,0.0039987893809282655,0.00390625,0.5333333333333333,7680,30
cholera,2,weather+satellite+history,2018,31,0.04117268061900057,0.9060039393895398,0.0035288700258476664,0.003515625,0.7407407407407407,7680,27
cholera,2,weather+satellite+history,2019,36,0.034898976746481215,0.8574391064264316,0.0035119859258158155,0.003515625,0.4444444444444444,7680,27
cholera,2,weather+satellite+history,2020,28,0.0017606735665952025,0.8113275143303804,0.0006660110074695968,0.0005208333333333333,0.25,7680,4
cholera,2,weather+satellite+history,2021,20,0.031421358342694425,0.8643456634772906,0.002838374186247609,0.002864583333333333,0.6363636363636364,7680,22
cholera,2,weather+satellite+history,2022,64,0.004582987242392912,0.8821344800625489,0.0010023680526036589,0.00078125,0.5,7680,6
cholera,2,weather+history,2015,21,0.039810897060944976,0.8467734315948601,0.004629420783727322,0.0046875,0.5277777777777778,7680,36
cholera,2,weather+history,2016,52,0.09928853422964681,0.8458221547610443,0.01148320488128361,0.012109375,0.5483870967741935,7680,93
cholera,2,weather+history,2017,85,0.03198408751823855,0.8318649237472767,0.004027391653348939,0.00390625,0.5,7680,30
cholera,2,weather+history,2018,24,0.0441286379169465,0.9170695587786923,0.0034669644096462456,0.003515625,0.7777777777777778,7680,27
cholera,2,weather+history,2019,32,0.037527030830900955,0.8611292594044455,0.0034975966743002766,0.003515625,0.48148148148148145,7680,27
cholera,2,weather+history,2020,24,0.0014474743595480504,0.7797518238665972,0.0006480978074284202,0.0005208333333333333,0.25,7680,4
cholera,2,weather+history,2021,20,0.03290180710968952,0.8919935183646335,0.0028480661072606216,0.002864583333333333,0.6818181818181818,7680,22
cholera,2,weather+history,2022,60,0.0048367181152307,0.8832421162366433,0.0010065367777710606,0.00078125,0.5,7680,6
cholera,2,history only,2015,21,0.03607867368409611,0.8551950694807838,0.0046316531932105946,0.0046875,0.5555555555555556,7680,36
cholera,2,history only,2016,47,0.10108422729012599,0.8367574132890017,0.011506252218099308,0.012109375,0.5591397849462365,7680,93
cholera,2,history only,2017,99,0.02727468745621342,0.8493159041394336,0.003980021449174348,0.00390625,0.5,7680,30
cholera,2,history only,2018,27,0.03214451541010155,0.8865199316656263,0.0035018081804807357,0.003515625,0.5185185185185185,7680,27
cholera,2,history only,2019,38,0.04343722471958481,0.8721972985660428,0.003493667154083243,0.003515625,0.4444444444444444,7680,27
cholera,2,history only,2020,23,0.0017290682164219878,0.7830250130276185,0.0006621328424029904,0.0005208333333333333,0.25,7680,4
cholera,2,history only,2021,20,0.02920400846821564,0.7788023219924499,0.0028553500029923056,0.002864583333333333,0.5,7680,22
cholera,2,history only,2022,47,0.010617212889395593,0.9403505342715663,0.0009113364803035851,0.00078125,0.8333333333333334,7680,6
cholera,2,climate only,2015,48,0.011281578293644182,0.7464950723879296,0.004678927640876696,0.0046875,0.2222222222222222,7680,36
cholera,2,climate only,2016,129,0.03738030542112785,0.7281144459042136,0.01189041573531815,0.012109375,0.3118279569892473,7680,93
cholera,2,climate only,2017,33,0.006968272390002021,0.6624814814814814,0.0039039648390871633,0.00390625,0.2,7680,30
cholera,2,climate only,2018,132,0.012311070706389864,0.774152958655768,0.0035583304747212486,0.003515625,0.3333333333333333,7680,27
cholera,2,climate only,2019,97,0.011104933227175436,0.7189724678291254,0.0035318487257620214,0.003515625,0.25925925925925924,7680,27
cholera,2,climate only,2020,229,0.0009755244608748159,0.6461698801459094,0.0006177070616308966,0.0005208333333333333,0.0,7680,4
cholera,2,climate only,2021,245,0.007701105366985912,0.7864562311545858,0.0028964439913017155,0.002864583333333333,0.2727272727272727,7680,22
cholera,2,climate only,2022,89,0.001025697337360249,0.5487251324819737,0.0008358302169193493,0.00078125,0.16666666666666666,7680,6
cholera,2,full+recent reports,2015,29,0.04987204116639858,0.8664729780801209,0.004654405938162905,0.0046875,0.5555555555555556,7680,36
cholera,2,full+recent reports,2016,99,0.11266332530414563,0.8452701352483236,0.011354508456464896,0.012109375,0.5268817204301075,7680,93
cholera,2,full+recent reports,2017,131,0.04931986801345277,0.844248366013072,0.0038640363487590723,0.00390625,0.5666666666666667,7680,30
cholera,2,full+recent reports,2018,260,0.048085168290725816,0.8842961607890394,0.003565923517705342,0.003515625,0.6666666666666666,7680,27
cholera,2,full+recent reports,2019,192,0.04994551005761108,0.8492433371565737,0.0034786497172501307,0.003515625,0.48148148148148145,7680,27
cholera,2,full+recent reports,2020,158,0.0013323872476205438,0.7612037519541428,0.0005977042221713453,0.0005208333333333333,0.0,7680,4
cholera,2,full+recent reports,2021,1172,0.028981516082196457,0.8641705643533797,0.0028553249065081756,0.002864583333333333,0.5454545454545454,7680,22
cholera,2,full+recent reports,2022,150,0.003785310504983392,0.8620667187907219,0.0009004701826985854,0.00078125,0.5,7680,6
cholera,2,history+recent reports,2015,28,0.03814770732741585,0.8611274638060351,0.00461857104390546,0.0046875,0.5833333333333334,7680,36
cholera,2,history+recent reports,2016,112,0.08733750597528774,0.8628447641764139,0.011543827779629857,0.012109375,0.5268817204301075,7680,93
cholera,2,history+recent reports,2017,78,0.04306441110675513,0.8681699346405228,0.003847978258336862,0.00390625,0.5,7680,30
cholera,2,history+recent reports,2018,115,0.09988275529510636,0.885723826531353,0.003431671407525067,0.003515625,0.5925925925925926,7680,27
cholera,2,history+recent reports,2019,103,0.06070607039072286,0.8603984881261767,0.0034318123070698953,0.003515625,0.5185185185185185,7680,27
cholera,2,history+recent reports,2020,77,0.0014812878524681646,0.7670336112558624,0.0005832488792557023,0.0005208333333333333,0.25,7680,4
cholera,2,history+recent reports,2021,186,0.03302315170320801,0.8769884137800043,0.00282611723042356,0.002864583333333333,0.6818181818181818,7680,22
cholera,2,history+recent reports,2022,151,0.005761839019484703,0.9192728694292416,0.0009202122672567466,0.00078125,0.6666666666666666,7680,6
dengue,3,full,2015,103,0.06626388806431455,0.8075458167330677,0.01885552785128282,0.01953125,0.3933333333333333,7680,150
dengue,3,full,2016,28,0.08588637664234211,0.8140969455511288,0.0184782987868044,0.01953125,0.4666666666666667,7680,150
dengue,3,full,2017,44,0.11358104682764483,0.8763804110639302,0.017341738537076434,0.01875,0.5486111111111112,7680,144
dengue,3,full,2018,66,0.06385891883132956,0.8282621587861841,0.012331036985856763,0.011979166666666667,0.45652173913043476,7680,92
dengue,3,full,2019,26,0.1421871550393516,0.8658900137655283,0.018824532006463373,0.020572916666666666,0.5632911392405063,7680,158
dengue,3,full,2020,264,0.12550824222321091,0.9145132853069602,0.005901014341176497,0.0049479166666666664,0.7105263157894737,7680,38
dengue,3,full,2021,20,0.1072090436533883,0.8721651241141618,0.010500488694474881,0.011067708333333334,0.6235294117647059,7680,85
dengue,3,full,2022,67,0.01984886856909525,0.8629841406840004,0.0036932789421527746,0.002994791666666667,0.4782608695652174,7680,23
dengue,3,seasonal history (baseline),2015,0,0.07546804067422977,0.7164435590969456,0.01873742926119987,0.01953125,0.5,7680,150
dengue,3,recent outbreaks (persistence),2015,0,0.04054408825841645,0.5698477202301903,0.05494791665206886,0.01953125,0.25333333333333335,7680,150
dengue,3,seasonal history (baseline),2016,0,0.09828157909005944,0.744488711819389,0.018306688023698472,0.01953125,0.52,7680,150
dengue,3,recent outbreaks (persistence),2016,0,0.04143568375840677,0.5298972996901283,0.06471354165328799,0.01953125,0.23333333333333334,7680,150
dengue,3,seasonal history (baseline),2017,0,0.10724649780024098,0.7457620090233545,0.01760370163081119,0.01875,0.4513888888888889,7680,144
dengue,3,recent outbreaks (persistence),2017,0,0.0358424647780147,0.5613020464732248,0.060546874984968614,0.01875,0.2222222222222222,7680,144
dengue,3,seasonal history (baseline),2018,0,0.08194722006661168,0.721940821892691,0.011846457762551428,0.011979166666666667,0.41304347826086957,7680,92
dengue,3,recent outbreaks (persistence),2018,0,0.015252390345971013,0.513959398134354,0.044401041656158005,0.011979166666666667,0.13043478260869565,7680,92
dengue,3,seasonal history (baseline),2019,0,0.10912807148825852,0.7596182001151054,0.0192108213948006,0.020572916666666666,0.4430379746835443,7680,158
dengue,3,recent outbreaks (persistence),2019,0,0.043238905606479236,0.5550208838882738,0.05299479164998102,0.020572916666666666,0.23417721518987342,7680,158
dengue,3,seasonal history (baseline),2020,0,0.058426809284372785,0.8849915288089368,0.005434746384201369,0.0049479166666666664,0.7368421052631579,7680,38
dengue,3,recent outbreaks (persistence),2020,0,0.018719541777931004,0.5005268667612501,0.03606770832985003,0.0049479166666666664,0.18421052631578946,7680,38
dengue,3,seasonal history (baseline),2021,0,0.10242701047718171,0.7959230143670372,0.010641023956695068,0.011067708333333334,0.5647058823529412,7680,85
dengue,3,recent outbreaks (persistence),2021,0,0.02141939027511111,0.5489803663400844,0.030078124990297127,0.011067708333333334,0.2,7680,85
dengue,3,seasonal history (baseline),2022,0,0.03477032683562633,0.8738863557642623,0.003847240589614849,0.002994791666666667,0.4782608695652174,7680,23
dengue,3,recent outbreaks (persistence),2022,0,0.031281753352091046,0.5573303200822209,0.022135416664340563,0.002994791666666667,0.21739130434782608,7680,23
dengue,3,history+mobility,2015,49,0.06670273155229277,0.7903483842408145,0.01877423558855731,0.01953125,0.34,7680,150
dengue,3,history+mobility,2016,43,0.08643233347629002,0.8245745905267818,0.018481989557806725,0.01953125,0.4666666666666667,7680,150
dengue,3,history+mobility,2017,44,0.09738097470165752,0.8758487039985845,0.017490955800681194,0.01875,0.5555555555555556,7680,144
dengue,3,history+mobility,2018,149,0.09904871394817771,0.8385007219637413,0.012678340806495299,0.011979166666666667,0.4891304347826087,7680,92
dengue,3,history+mobility,2019,22,0.14908489639751263,0.8552738969907681,0.01901660173986737,0.020572916666666666,0.4620253164556962,7680,158
dengue,3,history+mobility,2020,244,0.11061204587787637,0.9186352429096819,0.006062761225070139,0.0049479166666666664,0.6842105263157895,7680,38
dengue,3,history+mobility,2021,20,0.10573516515493671,0.8724803469775007,0.010507729588632362,0.011067708333333334,0.6235294117647059,7680,85
dengue,3,history+mobility,2022,66,0.030899240626679793,0.868960485148571,0.003736839952734531,0.002994791666666667,0.5652173913043478,7680,23
chikungunya,3,full,2015,52,0.06103727432902274,0.8925305966950807,0.005542765517400919,0.005729166666666666,0.6818181818181818,7680,44
chikungunya,3,full,2016,42,0.05595740048787599,0.84173955057652,0.006061947660398494,0.00625,0.6041666666666666,7680,48
chikungunya,3,full,2017,55,0.10283756483334726,0.9108574736413163,0.008550143265305949,0.008984375,0.6376811594202898,7680,69
chikungunya,3,full,2018,71,0.07908033212394251,0.9221894222744274,0.008484474146243292,0.008854166666666666,0.7647058823529411,7680,68
chikungunya,3,full,2019,135,0.08186930261900795,0.8926140841034458,0.008265721975644404,0.00859375,0.6515151515151515,7680,66
chikungunya,3,full,2020,75,0.07160070507028732,0.9521955393137852,0.0024870581976448205,0.00234375,0.8888888888888888,7680,18
chikungunya,3,full,2021,1497,0.056222514229083365,0.9132085185669456,0.004141298681473729,0.004166666666666667,0.71875,7680,32
chikungunya,3,full,2022,140,0.010465924744738763,0.8999609120521173,0.0010129021534835236,0.0006510416666666666,0.6,7680,5
chikungunya,3,seasonal history (baseline),2015,0,0.06512908071028917,0.7043638982808705,0.005714345422935376,0.005729166666666666,0.5909090909090909,7680,44
chikungunya,3,recent outbreaks (persistence),2015,0,0.014099082435259723,0.5326057193199676,0.020963541662080636,0.005729166666666666,0.20454545454545456,7680,44
chikungunya,3,seasonal history (baseline),2016,0,0.11291152391510026,0.604395964360587,0.006291253963562223,0.00625,0.375,7680,48
chikungunya,3,recent outbreaks (persistence),2016,0,0.015390128138694122,0.5042938722921034,0.020182291661614907,0.00625,0.22916666666666666,7680,48
chikungunya,3,seasonal history (baseline),2017,0,0.126015281568177,0.7464425059839019,0.008510589019566136,0.008984375,0.5072463768115942,7680,69
chikungunya,3,recent outbreaks (persistence),2017,0,0.06938735510692547,0.6612226011550787,0.02278645832578081,0.008984375,0.30434782608695654,7680,69
chikungunya,3,seasonal history (baseline),2018,0,0.064720659127845,0.7859668170999351,0.008638101653011676,0.008854166666666666,0.5588235294117647,7680,68
chikungunya,3,recent outbreaks (persistence),2018,0,0.042999397803836444,0.6391185743871906,0.03020833332758204,0.008854166666666666,0.3235294117647059,7680,68
chikungunya,3,seasonal history (baseline),2019,0,0.05759797099444169,0.7892379269447828,0.008415177038959656,0.00859375,0.6363636363636364,7680,66
chikungunya,3,recent outbreaks (persistence),2019,0,0.022542664110033007,0.5585544173014623,0.025520833326236933,0.00859375,0.18181818181818182,7680,66
chikungunya,3,seasonal history (baseline),2020,0,0.07756127237352216,0.8341671742219902,0.0025365719267992997,0.00234375,0.7222222222222222,7680,18
chikungunya,3,recent outbreaks (persistence),2020,0,0.004065772386902634,0.4265929986368514,0.011848958331590944,0.00234375,0.1111111111111111,7680,18
chikungunya,3,seasonal history (baseline),2021,0,0.06890279620809953,0.8436887094665272,0.0042031868779803605,0.004166666666666667,0.78125,7680,32
chikungunya,3,recent outbreaks (persistence),2021,0,0.09017916286484312,0.7110151346757322,0.012369791664111673,0.004166666666666667,0.40625,7680,32
chikungunya,3,seasonal history (baseline),2022,0,0.008844543704792792,0.7313876221498372,0.001162001658713658,0.0006510416666666666,0.6,7680,5
chikungunya,3,recent outbreaks (persistence),2022,0,0.018737122015743055,0.6894332247557003,0.00481770833295701,0.0006510416666666666,0.4,7680,5
chikungunya,3,history+mobility,2015,72,0.04505841838601542,0.8788171460545741,0.005597617816495069,0.005729166666666666,0.6818181818181818,7680,44
chikungunya,3,history+mobility,2016,172,0.05478719747059286,0.839314181516422,0.006234607689471457,0.00625,0.5833333333333334,7680,48
chikungunya,3,history+mobility,2017,50,0.12257952678784806,0.9141421931262723,0.00848558565663674,0.008984375,0.7536231884057971,7680,69
chikungunya,3,history+mobility,2018,186,0.08064963957583336,0.9131074000803685,0.008650697563185226,0.008854166666666666,0.7058823529411765,7680,68
chikungunya,3,history+mobility,2019,52,0.09234908199357665,0.8915812976096664,0.008201785011201236,0.00859375,0.6363636363636364,7680,66
chikungunya,3,history+mobility,2020,155,0.049699922840041905,0.9523985614431972,0.002536222304585547,0.00234375,0.9444444444444444,7680,18
chikungunya,3,history+mobility,2021,64,0.09074513207002588,0.9332260067991632,0.004008233886062718,0.004166666666666667,0.78125,7680,32
chikungunya,3,history+mobility,2022,402,0.011723973654405194,0.9387100977198697,0.0009564898360127596,0.0006510416666666666,0.8,7680,5
malaria,3,full,2015,44,0.05750307945432026,0.8272531998209095,0.009382148907176199,0.009635416666666667,0.4594594594594595,7680,74
malaria,3,full,2016,79,0.08547433222164434,0.831055443772963,0.00468122345254542,0.0048177083333333336,0.5675675675675675,7680,37
malaria,3,full,2017,148,0.03965205554314729,0.8431040954120084,0.003976802434722847,0.004036458333333334,0.5806451612903226,7680,31
malaria,3,full,2018,73,0.035196343772978665,0.7852541101252609,0.002095296006895108,0.0020833333333333333,0.5,7680,16
malaria,3,full,2019,481,0.025444432777357355,0.7902303471287009,0.0034205797772986343,0.0033854166666666668,0.5,7680,26
malaria,3,full,2020,59,0.029992162112677006,0.8116064832920523,0.0012806863969903963,0.001171875,0.5555555555555556,7680,9
malaria,3,full,2021,20,0.03850079264007855,0.8834689783402923,0.0020577353325034525,0.0020833333333333333,0.625,7680,16
malaria,3,full,2022,205,0.03712855980745232,0.829140051275366,0.0011998914969002252,0.001171875,0.6666666666666666,7680,9
malaria,3,seasonal history (baseline),2015,0,0.055041384856317224,0.6938227999232469,0.00942173031924725,0.009635416666666667,0.44594594594594594,7680,74
malaria,3,recent outbreaks (persistence),2015,0,0.0397671832207393,0.5739334522531998,0.0281249999914178,0.009635416666666667,0.2702702702702703,7680,74
malaria,3,seasonal history (baseline),2016,0,0.097317310108763,0.7382519245661991,0.004820357445762184,0.0048177083333333336,0.5135135135135135,7680,37
malaria,3,recent outbreaks (persistence),2016,0,0.038916494758480746,0.5827342454321389,0.025260416662277338,0.0048177083333333336,0.2972972972972973,7680,37
malaria,3,seasonal history (baseline),2017,0,0.03713019886476163,0.7386206925636495,0.004152701935904762,0.004036458333333334,0.5161290322580645,7680,31
malaria,3,recent outbreaks (persistence),2017,0,0.007865299446450522,0.5292574614434102,0.013671874996493782,0.004036458333333334,0.16129032258064516,7680,31
malaria,3,seasonal history (baseline),2018,0,0.013000520788066175,0.6215912056367432,0.0024376274881687155,0.0020833333333333333,0.25,7680,16
malaria,3,recent outbreaks (persistence),2018,0,0.009982821852523116,0.5830016962421711,0.008723958331423195,0.0020833333333333333,0.1875,7680,16
malaria,3,seasonal history (baseline),2019,0,0.06207845261787727,0.6615997668388577,0.003416180843807096,0.0033854166666666668,0.5384615384615384,7680,26
malaria,3,recent outbreaks (persistence),2019,0,0.017600218992154044,0.5363560531446604,0.01236979166406984,0.0033854166666666668,0.23076923076923078,7680,26
malaria,3,seasonal history (baseline),2020,0,0.03045694764783666,0.8384101739596459,0.0014022851662717133,0.001171875,0.7777777777777778,7680,9
malaria,3,recent outbreaks (persistence),2020,0,0.1498447765920339,0.7927403351728732,0.004296874999184559,0.001171875,0.4444444444444444,7680,9
malaria,3,seasonal history (baseline),2021,0,0.1689330912257542,0.8122390396659707,0.002074482065541232,0.0020833333333333333,0.625,7680,16
malaria,3,recent outbreaks (persistence),2021,0,0.055201123651048636,0.674851578810021,0.005338541664899075,0.0020833333333333333,0.4375,7680,16
malaria,3,seasonal history (baseline),2022,0,0.017079852856030007,0.8092237720708585,0.001375132908580288,0.001171875,0.6666666666666666,7680,9
malaria,3,recent outbreaks (persistence),2022,0,0.07474687487402877,0.6223728617158417,0.0063802083326553695,0.001171875,0.4444444444444444,7680,9
malaria,3,history+mobility,2015,61,0.040700810059448624,0.7835537022691901,0.009452303538528377,0.009635416666666667,0.4189189189189189,7680,74
malaria,3,history+mobility,2016,61,0.052947003479405716,0.8119406204582181,0.0047029455474906995,0.0048177083333333336,0.5405405405405406,7680,37
malaria,3,history+mobility,2017,205,0.03981549670580096,0.8223044125523471,0.0040265803997840575,0.004036458333333334,0.6129032258064516,7680,31
malaria,3,history+mobility,2018,92,0.01765107707465943,0.8482841858037579,0.0021092225938050655,0.0020833333333333333,0.6875,7680,16
malaria,3,history+mobility,2019,356,0.04546234610017233,0.8001798958814897,0.003337766525540996,0.0033854166666666668,0.6153846153846154,7680,26
malaria,3,history+mobility,2020,81,0.09624952973972388,0.760867046162314,0.0011769063705765969,0.001171875,0.4444444444444444,7680,9
malaria,3,history+mobility,2021,796,0.04509110467042751,0.8695116779749478,0.002088754801120063,0.0020833333333333333,0.5625,7680,16
malaria,3,history+mobility,2022,233,0.0321800263912297,0.9092397050942221,0.001223354621929276,0.001171875,0.7777777777777778,7680,9
diarrhoea,3,full,2015,226,0.1588828607042317,0.784269327115241,0.041535757323265955,0.04596354166666667,0.43059490084985835,7680,353
diarrhoea,3,full,2016,100,0.2271945579577428,0.7840723210967776,0.05646057609965462,0.065625,0.3472222222222222,7680,504
diarrhoea,3,full,2017,100,0.11642996986442929,0.7537732786632083,0.037165944268210585,0.03919270833333333,0.3388704318936877,7680,301
diarrhoea,3,full,2018,253,0.09724374908309677,0.7468969151227398,0.037469366157764174,0.037890625,0.3024054982817869,7680,291
diarrhoea,3,full,2019,54,0.11028094386082941,0.7378709627829345,0.036249756433436,0.03854166666666667,0.30067567567567566,7680,296
diarrhoea,3,full,2020,48,0.018496483609204195,0.6614041674488456,0.012187342401207047,0.009114583333333334,0.18571428571428572,7680,70
diarrhoea,3,full,2021,20,0.04218386121930484,0.6979360233607645,0.0192476559586204,0.019010416666666665,0.2534246575342466,7680,146
diarrhoea,3,full,2022,43,0.03297611442867399,0.7370079599988506,0.015920298131933425,0.014973958333333334,0.25217391304347825,7680,115
diarrhoea,3,seasonal history (baseline),2015,0,0.150794157932137,0.727663332213386,0.04263474151151209,0.04596354166666667,0.3342776203966006,7680,353
diarrhoea,3,recent outbreaks (persistence),2015,0,0.07251071184323638,0.5480026337451105,0.13489583330047566,0.04596354166666667,0.22096317280453256,7680,353
diarrhoea,3,seasonal history (baseline),2016,0,0.2195882298895746,0.7464569950982993,0.05704784998052394,0.065625,0.3392857142857143,7680,504
diarrhoea,3,recent outbreaks (persistence),2016,0,0.08931010424267176,0.568375515386385,0.18124999995032734,0.065625,0.17261904761904762,7680,504
diarrhoea,3,seasonal history (baseline),2017,0,0.1140160155964153,0.7315579499873709,0.03784835251007763,0.03919270833333333,0.3222591362126246,7680,301
diarrhoea,3,recent outbreaks (persistence),2017,0,0.05051007340300122,0.542902796343579,0.13463541663581952,0.03919270833333333,0.1893687707641196,7680,301
diarrhoea,3,seasonal history (baseline),2018,0,0.0971154197802524,0.7285762852647593,0.03713896882606878,0.037890625,0.29553264604810997,7680,291
diarrhoea,3,recent outbreaks (persistence),2018,0,0.05525288038544736,0.5366280051288277,0.12825520830288728,0.037890625,0.17525773195876287,7680,291
diarrhoea,3,seasonal history (baseline),2019,0,0.11464395477309344,0.7378860611695119,0.03694457662177446,0.03854166666666667,0.2939189189189189,7680,296
diarrhoea,3,recent outbreaks (persistence),2019,0,0.059133149260945046,0.5632219773945126,0.1165364583010728,0.03854166666666667,0.19256756756756757,7680,296
diarrhoea,3,seasonal history (baseline),2020,0,0.018307097346385845,0.6710869157124085,0.014215226398414178,0.009114583333333334,0.2714285714285714,7680,70
diarrhoea,3,recent outbreaks (persistence),2020,0,0.024149665598606616,0.6165233715036607,0.059244791659428274,0.009114583333333334,0.2857142857142857,7680,70
diarrhoea,3,seasonal history (baseline),2021,0,0.055891003430092456,0.7194880923375674,0.020951403159168238,0.019010416666666665,0.2808219178082192,7680,146
diarrhoea,3,recent outbreaks (persistence),2021,0,0.04581231065303091,0.5687504318323146,0.04674479165084744,0.019010416666666665,0.2054794520547945,7680,146
diarrhoea,3,seasonal history (baseline),2022,0,0.040096347794072014,0.7312175637230954,0.017368838361149722,0.014973958333333334,0.3217391304347826,7680,115
diarrhoea,3,recent outbreaks (persistence),2022,0,0.023090661151714133,0.5686922037989597,0.06966145832020414,0.014973958333333334,0.1826086956521739,7680,115
diarrhoea,3,history+mobility,2015,111,0.1612324922842236,0.7855804001730569,0.04158755029549308,0.04596354166666667,0.38243626062322944,7680,353
diarrhoea,3,history+mobility,2016,146,0.2447368546570622,0.7869355634301286,0.0561541669502076,0.065625,0.3611111111111111,7680,504
diarrhoea,3,history+mobility,2017,313,0.11560923818149355,0.7568609671245372,0.03746213244411538,0.03919270833333333,0.33222591362126247,7680,301
diarrhoea,3,history+mobility,2018,96,0.10073560410687163,0.755403802159707,0.0362703759568016,0.037890625,0.31958762886597936,7680,291
diarrhoea,3,history+mobility,2019,83,0.11540387655049937,0.743595767693479,0.03622485036095662,0.03854166666666667,0.2939189189189189,7680,296
diarrhoea,3,history+mobility,2020,93,0.016507049742734873,0.6644096114135536,0.013023802273604435,0.009114583333333334,0.17142857142857143,7680,70
diarrhoea,3,history+mobility,2021,20,0.04020412661137674,0.7073231487575957,0.019247119707775602,0.019010416666666665,0.21232876712328766,7680,146
diarrhoea,3,history+mobility,2022,122,0.04343318118085222,0.7613155550446852,0.01588620378462467,0.014973958333333334,0.4,7680,115
cholera,3,full,2015,30,0.09339232697112868,0.8652283562997849,0.004671810806043082,0.0046875,0.5833333333333334,7680,36
cholera,3,full,2016,29,0.09035146709160938,0.8441001940217491,0.01160657452941199,0.012109375,0.5591397849462365,7680,93
cholera,3,full,2017,107,0.06227718227539301,0.8546623093681918,0.003960833195796728,0.00390625,0.5,7680,30
cholera,3,full,2018,34,0.05851462333750849,0.9149304799376667,0.0035139489064756353,0.003515625,0.6296296296296297,7680,27
cholera,3,full,2019,29,0.042459672874066,0.8570519428352958,0.0034882656346284214,0.003515625,0.48148148148148145,7680,27
cholera,3,full,2020,28,0.0018170470849541605,0.8126302761855133,0.0006464875734907981,0.0005208333333333333,0.25,7680,4
cholera,3,full,2021,20,0.03855836114823714,0.8386654478976233,0.0028232605144502955,0.002864583333333333,0.5909090909090909,7680,22
cholera,3,full,2022,55,0.004496703225727164,0.8856311354356702,0.0009529668289790859,0.00078125,0.5,7680,6
cholera,3,seasonal history (baseline),2015,0,0.042036428394888026,0.7295445956160242,0.004961628731031986,0.0046875,0.4444444444444444,7680,36
cholera,3,recent outbreaks (persistence),2015,0,0.00739782235737082,0.5573289144717716,0.019010416661919653,0.0046875,0.19444444444444445,7680,36
cholera,3,seasonal history (baseline),2016,0,0.07455198686418124,0.7510569154085015,0.011641154815089573,0.012109375,0.5268817204301075,7680,93
cholera,3,recent outbreaks (persistence),2016,0,0.023399839792388712,0.5953647367951121,0.039973958321474955,0.012109375,0.22580645161290322,7680,93
cholera,3,seasonal history (baseline),2017,0,0.036836285293103156,0.772082788671024,0.004144001082141172,0.00390625,0.5333333333333333,7680,30
cholera,3,recent outbreaks (persistence),2017,0,0.0039826776133133745,0.5040871459694989,0.015755208329388325,0.00390625,0.03333333333333333,7680,30
cholera,3,seasonal history (baseline),2018,0,0.048097030226916894,0.8233662906340289,0.0036861494716163685,0.003515625,0.5555555555555556,7680,27
cholera,3,recent outbreaks (persistence),2018,0,0.004333718187647893,0.4725718793404668,0.01302083333026737,0.003515625,0.1111111111111111,7680,27
cholera,3,seasonal history (baseline),2019,0,0.049675774568798764,0.8358765141726072,0.003639096081340437,0.003515625,0.6296296296296297,7680,27
cholera,3,recent outbreaks (persistence),2019,0,0.006889163142722036,0.5995808954125954,0.0118489583293692,0.003515625,0.1111111111111111,7680,27
cholera,3,seasonal history (baseline),2020,0,0.0014046365808406949,0.7091258467952058,0.0010252405739053462,0.0005208333333333333,0.25,7680,4
cholera,3,recent outbreaks (persistence),2020,0,0.0016082339806146179,0.7519867118290777,0.0049479166658833,0.0005208333333333333,0.0,7680,4
cholera,3,seasonal history (baseline),2021,0,0.02344951185551623,0.7608027256107694,0.0030584037412978477,0.002864583333333333,0.5,7680,22
cholera,3,recent outbreaks (persistence),2021,0,0.0029966931470053076,0.4677995678909756,0.007812499997325974,0.002864583333333333,0.13636363636363635,7680,22
cholera,3,seasonal history (baseline),2022,0,0.01138695100212802,0.9257449396229693,0.001098559694203613,0.00078125,0.8333333333333334,7680,6
cholera,3,recent outbreaks (persistence),2022,0,0.0013398371564934072,0.6666232299539571,0.006901041665625755,0.00078125,0.0,7680,6
cholera,3,history+mobility,2015,20,0.03607381228669411,0.8707464823536251,0.004599779416134365,0.0046875,0.6111111111111112,7680,36
cholera,3,history+mobility,2016,83,0.08258261598446873,0.8366369468998329,0.011538787166094222,0.012109375,0.5376344086021505,7680,93
cholera,3,history+mobility,2017,84,0.03307878259626661,0.8580827886710239,0.003965138379273783,0.00390625,0.6,7680,30
cholera,3,history+mobility,2018,31,0.04316032088114133,0.8967216922920569,0.0035026865611537616,0.003515625,0.5555555555555556,7680,27
cholera,3,history+mobility,2019,42,0.04481442980780352,0.8778402079068484,0.0035224385860540297,0.003515625,0.5925925925925926,7680,27
cholera,3,history+mobility,2020,31,0.0016332865260478375,0.7803869202709744,0.0007431707681251286,0.0005208333333333333,0.25,7680,4
cholera,3,history+mobility,2021,20,0.02664598875229184,0.8448562406514875,0.0028555090152714967,0.002864583333333333,0.6818181818181818,7680,22
cholera,3,history+mobility,2022,30,0.009912612801352862,0.9358005386152375,0.0008761862273148822,0.00078125,0.6666666666666666,7680,6
